"Date","Price","Open","High","Low","Vol.","Change %"
"04/07/2026","13.95","13.86","13.96","13.69","23.55M","0.50%"
"04/06/2026","13.88","13.95","14.02","13.86","18.24M","-0.29%"
"04/02/2026","13.92","13.82","14.23","13.75","20.66M","-1.83%"
"04/01/2026","14.18","14.01","14.34","13.99","44.67M","1.43%"
"03/31/2026","13.98","13.51","13.98","13.42","37.60M","4.64%"
"03/30/2026","13.36","13.36","13.47","13.24","21.86M","0.75%"
"03/27/2026","13.26","13.39","13.39","13.17","25.81M","-1.27%"
"03/26/2026","13.43","13.48","13.64","13.38","30.88M","-1.90%"
"03/25/2026","13.69","13.69","13.84","13.61","36.00M","1.41%"
"03/24/2026","13.50","13.51","13.53","13.26","25.59M","-0.52%"
"03/23/2026","13.57","13.40","13.67","13.35","27.09M","3.59%"
"03/20/2026","13.10","13.27","13.32","12.99","64.95M","-1.53%"
"03/19/2026","13.30","13.01","13.40","12.94","28.48M","0.37%"
"03/18/2026","13.25","13.23","13.47","13.16","42.43M","-0.15%"
"03/17/2026","13.27","13.26","13.45","13.12","39.99M","0.07%"
"03/16/2026","13.26","13.38","13.42","13.21","16.69M","1.67%"
"03/13/2026","13.05","13.21","13.42","13.02","17.19M","-2.13%"
"03/12/2026","13.33","13.33","13.37","13.12","26.67M","-2.13%"
"03/11/2026","13.62","13.46","13.78","13.40","20.27M","0.07%"
"03/10/2026","13.61","13.61","13.77","13.31","51.03M","1.26%"
"03/09/2026","13.44","13.37","13.47","13.11","45.14M","0.90%"
"03/06/2026","13.32","13.35","13.41","13.16","19.37M","-0.67%"
"03/05/2026","13.41","13.84","13.84","13.35","29.47M","-3.32%"
"03/04/2026","13.87","13.84","13.95","13.63","24.90M","1.99%"
"03/03/2026","13.60","13.51","13.70","13.25","36.86M","-3.82%"
"03/02/2026","14.14","13.97","14.19","13.93","22.40M","-0.74%"
"02/27/2026","14.25","14.53","14.58","14.23","36.34M","-2.59%"
"02/26/2026","14.63","14.60","14.75","14.47","24.70M","0.21%"
"02/25/2026","14.60","14.88","14.91","14.47","31.86M","-1.48%"
"02/24/2026","14.81","14.65","14.88","14.58","47.08M","1.71%"
"02/23/2026","14.57","14.92","14.98","14.56","28.97M","-3.35%"
"02/20/2026","15.07","14.72","15.12","14.68","29.96M","1.82%"
"02/19/2026","14.80","14.61","14.89","14.56","20.75M","1.44%"
"02/18/2026","14.59","14.62","14.72","14.47","31.79M","-0.07%"
"02/13/2026","14.60","14.66","14.66","14.21","24.26M","-0.48%"
"02/12/2026","14.67","14.87","14.92","14.59","48.32M","-2.20%"
"02/11/2026","15.00","14.77","15.04","14.70","34.83M","2.60%"
"02/10/2026","14.62","14.59","14.83","14.55","37.80M","0.21%"
"02/09/2026","14.59","14.21","14.59","14.15","36.03M","2.89%"
"02/06/2026","14.18","13.85","14.25","13.68","41.50M","2.46%"
"02/05/2026","13.84","13.71","13.95","13.63","29.14M","1.91%"
"02/04/2026","13.58","13.92","13.94","13.39","46.66M","-3.07%"
"02/03/2026","14.01","14.00","14.20","13.94","34.89M","1.08%"
"02/02/2026","13.86","13.76","13.94","13.69","26.32M","1.46%"
"01/30/2026","13.66","13.97","13.97","13.54","36.27M","-1.59%"
"01/29/2026","13.88","14.10","14.20","13.75","38.94M","-1.14%"
"01/28/2026","14.04","13.92","14.15","13.86","39.42M","1.37%"
"01/27/2026","13.85","13.68","14.03","13.67","41.19M","2.67%"
"01/26/2026","13.49","13.36","13.57","13.24","36.50M","0.97%"
"01/23/2026","13.36","13.23","13.46","13.17","46.21M","1.29%"
"01/22/2026","13.19","12.76","13.32","12.73","67.56M","3.69%"
"01/21/2026","12.72","12.18","12.74","12.15","57.12M","5.04%"
"01/20/2026","12.11","11.96","12.13","11.87","18.78M","1.09%"
"01/19/2026","11.98","12.00","12.07","11.96","10.09M","-0.42%"
"01/16/2026","12.03","12.21","12.21","11.97","41.76M","-1.23%"
"01/15/2026","12.18","12.05","12.22","12.03","37.77M","1.25%"
"01/14/2026","12.03","12.03","12.05","11.92","25.48M","0.59%"
"01/13/2026","11.96","11.96","12.06","11.91","33.78M","-0.33%"
"01/12/2026","12.00","12.09","12.10","12.00","13.69M","-0.91%"
"01/09/2026","12.11","12.09","12.20","12.06","29.72M","0.33%"
"01/08/2026","12.07","11.79","12.07","11.77","40.02M","2.55%"
"01/07/2026","11.77","11.91","11.96","11.71","19.66M","-1.59%"
"01/06/2026","11.96","12.00","12.09","11.94","16.46M","0.42%"
"01/05/2026","11.91","11.67","12.00","11.64","35.86M","2.41%"
"01/02/2026","11.63","11.75","11.80","11.63","18.65M","-0.43%"
"12/30/2025","11.68","11.64","11.74","11.63","16.67M","0.78%"
"12/29/2025","11.59","11.61","11.62","11.53","13.17M","-0.09%"
"12/26/2025","11.60","11.51","11.62","11.49","17.14M","0.09%"
"12/23/2025","11.59","11.50","11.64","11.45","12.53M","1.13%"
"12/22/2025","11.46","11.50","11.51","11.38","18.78M","-0.09%"
"12/19/2025","11.47","11.40","11.63","11.39","46.90M","0.86%"
"12/18/2025","11.37","11.29","11.40","11.29","19.86M","0.61%"
"12/17/2025","11.30","11.38","11.40","11.19","37.78M","-0.60%"
"12/16/2025","11.37","11.72","11.74","11.37","32.25M","-3.33%"
"12/15/2025","11.76","11.67","11.76","11.61","17.24M","1.78%"
"12/12/2025","11.56","11.53","11.62","11.43","29.32M","0.77%"
"12/11/2025","11.47","11.37","11.55","11.35","27.57M","0.78%"
"12/10/2025","11.38","11.33","11.44","11.24","52.47M","0.38%"
"12/09/2025","11.34","11.37","11.42","11.14","43.53M","-0.48%"
"12/08/2025","11.39","11.51","11.56","11.33","40.91M","0.49%"
"12/05/2025","11.34","11.84","11.94","11.25","47.96M","-4.26%"
"12/04/2025","11.84","11.58","11.84","11.54","42.00M","2.79%"
"12/03/2025","11.52","11.54","11.58","11.42","31.51M","0.16%"
"12/02/2025","11.50","11.31","11.50","11.28","43.77M","2.45%"
"12/01/2025","11.23","11.42","11.42","11.17","63.77M","-0.54%"
"11/28/2025","11.29","11.12","11.35","11.03","55.36M","2.49%"
"11/27/2025","11.02","11.06","11.07","10.98","11.49M","-0.58%"
"11/26/2025","11.08","10.85","11.12","10.85","26.69M","2.46%"
"11/25/2025","10.81","10.83","10.89","10.75","24.78M","0.00%"
"11/24/2025","10.81","10.78","10.90","10.75","27.44M","0.25%"
"11/21/2025","10.79","10.80","10.82","10.70","17.04M","0.26%"
"11/19/2025","10.76","10.81","10.85","10.74","20.45M","-0.76%"
"11/18/2025","10.84","10.85","10.91","10.77","26.25M","-0.67%"
"11/17/2025","10.92","10.95","10.97","10.82","21.34M","-0.33%"
"11/14/2025","10.95","10.94","11.02","10.88","19.24M","0.17%"
"11/13/2025","10.93","10.87","11.03","10.85","39.47M","0.59%"
"11/12/2025","10.87","11.13","11.14","10.83","42.95M","-2.30%"
"11/11/2025","11.13","10.90","11.15","10.89","53.62M","2.70%"
"11/10/2025","10.83","10.84","10.88","10.80","32.80M","0.17%"
"11/07/2025","10.81","10.83","10.84","10.69","21.60M","-0.25%"
"11/06/2025","10.84","10.81","10.93","10.77","29.91M","0.34%"
"11/05/2025","10.81","10.76","10.81","10.57","44.16M","0.51%"
"11/04/2025","10.75","10.77","10.84","10.70","20.59M","-0.34%"
"11/03/2025","10.79","10.72","10.81","10.69","24.01M","1.12%"
"10/31/2025","10.67","10.59","10.68","10.58","29.11M","0.95%"
"10/30/2025","10.57","10.55","10.65","10.51","19.92M","-0.43%"
"10/29/2025","10.61","10.45","10.63","10.41","31.70M","2.02%"
"10/28/2025","10.40","10.37","10.41","10.34","15.54M","0.35%"
"10/27/2025","10.37","10.41","10.46","10.36","15.65M","0.35%"
"10/24/2025","10.33","10.35","10.42","10.30","11.45M","0.36%"
"10/23/2025","10.29","10.33","10.37","10.22","11.68M","0.00%"
"10/22/2025","10.29","10.19","10.29","10.17","21.23M","1.08%"
"10/21/2025","10.18","10.27","10.33","10.18","17.06M","-0.98%"
"10/20/2025","10.28","10.08","10.33","10.07","30.05M","2.09%"
"10/17/2025","10.07","10.00","10.12","9.96","22.41M","0.18%"
"10/16/2025","10.05","10.04","10.16","9.96","13.91M","-0.27%"
"10/15/2025","10.08","10.01","10.14","9.96","27.13M","0.00%"
"10/14/2025","10.08","10.05","10.21","10.04","29.98M","0.09%"
"10/13/2025","10.07","10.05","10.12","10.03","10.33M","0.46%"
"10/10/2025","10.03","10.12","10.12","9.96","17.98M","-0.27%"
"10/09/2025","10.05","10.15","10.18","10.04","13.83M","-0.45%"
"10/08/2025","10.10","10.07","10.16","10.05","24.29M","0.73%"
"10/07/2025","10.03","10.21","10.22","10.03","50.50M","-1.97%"
"10/06/2025","10.23","10.31","10.32","10.17","20.66M","-0.45%"
"10/03/2025","10.27","10.22","10.29","10.18","23.25M","0.54%"
"10/02/2025","10.22","10.35","10.42","10.19","20.40M","-1.24%"
"10/01/2025","10.35","10.55","10.60","10.31","20.04M","-1.48%"
"09/30/2025","10.50","10.58","10.66","10.48","41.28M","0.09%"
"09/29/2025","10.49","10.52","10.63","10.49","19.93M","0.70%"
"09/26/2025","10.42","10.38","10.44","10.35","9.51M","0.80%"
"09/25/2025","10.34","10.38","10.45","10.30","14.65M","-0.88%"
"09/24/2025","10.43","10.48","10.51","10.37","13.48M","-0.52%"
"09/23/2025","10.48","10.36","10.56","10.32","15.43M","1.33%"
"09/22/2025","10.35","10.39","10.41","10.26","18.31M","-1.05%"
"09/19/2025","10.46","10.41","10.48","10.38","40.90M","0.53%"
"09/18/2025","10.40","10.39","10.41","10.30","19.63M","0.09%"
"09/17/2025","10.39","10.19","10.45","10.19","30.22M","1.89%"
"09/16/2025","10.20","10.27","10.29","10.13","14.76M","-0.09%"
"09/15/2025","10.21","10.11","10.27","10.05","18.83M","1.36%"
"09/12/2025","10.07","10.09","10.13","10.03","15.72M","-0.81%"
"09/11/2025","10.16","10.16","10.37","10.15","20.58M","0.09%"
"09/10/2025","10.15","10.13","10.26","10.11","11.60M","0.18%"
"09/09/2025","10.13","10.21","10.23","10.06","18.77M","-0.36%"
"09/08/2025","10.16","10.20","10.22","10.05","18.84M","-0.45%"
"09/05/2025","10.21","10.18","10.34","10.15","16.68M","1.09%"
"09/04/2025","10.10","10.05","10.16","9.96","14.78M","0.55%"
"09/03/2025","10.05","10.16","10.20","10.01","25.75M","-1.17%"
"09/02/2025","10.16","10.21","10.25","10.10","20.99M","-1.60%"
"09/01/2025","10.33","10.28","10.40","10.26","14.77M","0.75%"
"08/29/2025","10.25","10.24","10.33","10.23","18.69M","0.36%"
"08/28/2025","10.22","10.14","10.38","10.11","27.51M","1.27%"
"08/27/2025","10.09","9.91","10.09","9.84","20.62M","1.47%"
"08/26/2025","9.94","9.98","10.01","9.84","16.09M","-0.46%"
"08/25/2025","9.99","10.04","10.10","9.99","14.61M","-0.36%"
"08/22/2025","10.02","9.72","10.05","9.67","44.45M","3.49%"
"08/21/2025","9.69","9.64","9.71","9.59","19.28M","-0.09%"
"08/20/2025","9.70","9.62","9.74","9.59","14.86M","0.28%"
"08/19/2025","9.67","9.87","9.87","9.59","24.63M","-3.06%"
"08/18/2025","9.97","9.89","10.10","9.89","36.29M","0.63%"
"08/15/2025","9.91","9.88","9.96","9.79","83.69M","0.09%"
"08/14/2025","9.90","9.83","10.01","9.78","30.02M","0.00%"
"08/13/2025","9.90","9.98","10.02","9.89","18.95M","-1.17%"
"08/12/2025","10.02","9.87","10.08","9.86","19.04M","2.20%"
"08/11/2025","9.80","9.78","9.83","9.74","14.53M","0.00%"
"08/08/2025","9.80","9.76","9.83","9.70","14.10M","0.37%"
"08/07/2025","9.77","9.67","9.79","9.60","15.09M","1.49%"
"08/06/2025","9.62","9.61","9.84","9.60","26.82M","1.71%"
"08/05/2025","9.46","9.33","9.52","9.29","15.32M","1.06%"
"08/04/2025","9.36","9.37","9.42","9.30","15.81M","0.77%"
"08/01/2025","9.29","9.39","9.43","9.20","16.85M","-0.10%"
"07/31/2025","9.30","9.24","9.32","9.18","26.39M","-0.48%"
"07/30/2025","9.34","9.20","9.42","9.13","20.34M","1.17%"
"07/29/2025","9.24","9.22","9.28","9.16","10.33M","0.29%"
"07/28/2025","9.21","9.38","9.42","9.14","16.85M","-1.82%"
"07/25/2025","9.38","9.35","9.43","9.34","9.41M","0.38%"
"07/24/2025","9.34","9.42","9.42","9.31","14.28M","-1.33%"
"07/23/2025","9.47","9.34","9.51","9.32","11.20M","1.35%"
"07/22/2025","9.34","9.49","9.52","9.31","16.71M","-1.52%"
"07/21/2025","9.49","9.42","9.52","9.37","14.73M","1.05%"
"07/18/2025","9.39","9.47","9.57","9.34","40.50M","-1.97%"
"07/17/2025","9.58","9.42","9.64","9.40","26.75M","1.62%"
"07/16/2025","9.42","9.41","9.45","9.33","21.66M","0.58%"
"07/15/2025","9.37","9.41","9.45","9.30","17.96M","0.10%"
"07/14/2025","9.36","9.38","9.42","9.29","39.29M","-0.57%"
"07/11/2025","9.42","9.44","9.45","9.32","31.41M","-0.66%"
"07/10/2025","9.48","9.52","9.53","9.35","42.39M","-1.40%"
"07/09/2025","9.61","9.80","9.83","9.60","19.70M","-2.01%"
"07/08/2025","9.81","9.82","9.83","9.73","13.98M","-0.27%"
"07/07/2025","9.84","9.98","10.00","9.82","17.09M","-1.53%"
"07/04/2025","9.99","9.97","10.02","9.94","5.83M","0.09%"
"07/03/2025","9.98","9.78","10.01","9.78","16.57M","2.11%"
"07/02/2025","9.78","9.88","9.93","9.69","18.73M","-1.09%"
"07/01/2025","9.88","9.86","9.90","9.82","14.52M","0.46%"
"06/30/2025","9.84","9.57","9.89","9.57","30.25M","2.24%"
"06/27/2025","9.62","9.57","9.68","9.56","16.57M","-0.28%"
"06/26/2025","9.65","9.66","9.73","9.62","22.27M","0.00%"
"06/25/2025","9.65","9.70","9.73","9.61","28.95M","-1.38%"
"06/24/2025","9.78","9.59","9.84","9.56","29.60M","2.16%"
"06/23/2025","9.58","9.67","9.67","9.50","28.61M","-0.85%"
"06/20/2025","9.66","9.65","9.69","9.54","41.28M","-0.64%"
"06/18/2025","9.72","9.71","9.78","9.63","24.62M","-0.18%"
"06/17/2025","9.74","9.74","9.74","9.66","24.86M","0.46%"
"06/16/2025","9.70","9.70","9.78","9.67","24.04M","1.31%"
"06/13/2025","9.57","9.53","9.61","9.48","17.33M","-1.02%"
"06/12/2025","9.67","9.60","9.72","9.56","25.35M","0.19%"
"06/11/2025","9.65","9.53","9.68","9.48","51.11M","0.93%"
"06/10/2025","9.56","9.72","9.77","9.54","33.83M","-0.74%"
"06/09/2025","9.63","9.64","9.69","9.48","19.07M","-0.28%"
"06/06/2025","9.66","9.68","9.72","9.61","23.47M","-0.18%"
"06/05/2025","9.68","9.78","9.78","9.61","15.14M","-1.10%"
"06/04/2025","9.78","9.86","9.89","9.72","16.18M","-0.27%"
"06/03/2025","9.81","9.78","9.87","9.75","28.23M","-0.18%"
"06/02/2025","9.83","9.94","9.96","9.72","25.58M","-0.42%"
"05/30/2025","9.87","9.89","9.93","9.75","50.07M","-0.18%"
"05/29/2025","9.89","9.90","10.00","9.83","24.09M","-0.72%"
"05/28/2025","9.96","10.06","10.08","9.90","30.01M","-1.06%"
"05/27/2025","10.07","10.08","10.16","10.00","26.07M","0.89%"
"05/26/2025","9.98","9.92","10.07","9.89","10.68M","0.45%"
"05/23/2025","9.93","9.71","9.93","9.61","40.40M","0.81%"
"05/22/2025","9.85","9.98","10.02","9.83","37.05M","-1.25%"
"05/21/2025","9.98","10.09","10.11","9.85","25.74M","-1.50%"
"05/20/2025","10.13","10.13","10.16","10.02","22.29M","0.18%"
"05/19/2025","10.11","9.97","10.19","9.95","31.83M","1.07%"
"05/16/2025","10.00","9.92","10.01","9.84","42.83M","0.72%"
"05/15/2025","9.93","9.85","9.93","9.79","38.80M","1.27%"
"05/14/2025","9.81","9.75","9.84","9.73","23.53M","0.27%"
"05/13/2025","9.78","9.68","9.83","9.68","49.25M","1.57%"
"05/12/2025","9.63","9.91","9.92","9.62","33.10M","-2.26%"
"05/09/2025","9.85","9.53","9.89","9.51","62.14M","4.25%"
"05/08/2025","9.45","9.51","9.67","9.44","46.28M","0.57%"
"05/07/2025","9.40","9.35","9.41","9.30","26.69M","0.86%"
"05/06/2025","9.32","9.34","9.35","9.24","29.30M","-0.29%"
"05/05/2025","9.34","9.42","9.44","9.29","38.54M","-0.47%"
"05/02/2025","9.39","9.51","9.52","9.29","25.38M","-1.59%"
"04/30/2025","9.54","9.42","9.54","9.37","40.05M","0.66%"
"04/29/2025","9.48","9.47","9.58","9.43","29.62M","0.00%"
"04/28/2025","9.48","9.41","9.51","9.39","17.90M","0.57%"
"04/25/2025","9.42","9.42","9.46","9.35","36.48M","0.09%"
"04/24/2025","9.42","9.26","9.42","9.24","37.85M","2.13%"
"04/23/2025","9.22","9.14","9.30","9.13","39.09M","1.67%"
"04/22/2025","9.07","8.85","9.09","8.83","25.50M","2.21%"
"04/17/2025","8.87","8.84","8.93","8.77","26.84M","0.61%"
"04/16/2025","8.82","8.81","8.90","8.79","38.79M","-0.20%"
"04/15/2025","8.84","8.68","8.87","8.68","29.08M","1.33%"
"04/14/2025","8.72","8.73","8.80","8.65","28.17M","1.35%"
"04/11/2025","8.60","8.56","8.73","8.47","38.56M","1.05%"
"04/10/2025","8.52","8.53","8.60","8.36","33.32M","-0.52%"
"04/09/2025","8.56","8.35","8.71","8.29","41.09M","2.35%"
"04/08/2025","8.36","8.46","8.53","8.35","38.16M","-0.21%"
"04/07/2025","8.38","8.23","8.50","8.17","54.53M","0.64%"
"04/04/2025","8.33","8.48","8.53","8.29","37.58M","-2.91%"
"04/03/2025","8.58","8.38","8.65","8.38","29.08M","1.80%"
"04/02/2025","8.43","8.42","8.49","8.35","20.23M","0.11%"
"04/01/2025","8.42","8.44","8.50","8.34","18.44M","-0.11%"
"03/31/2025","8.43","8.55","8.55","8.41","39.82M","-1.77%"
"03/28/2025","8.58","8.65","8.67","8.52","41.69M","-1.03%"
"03/27/2025","8.67","8.63","8.68","8.59","51.71M","0.83%"
"03/26/2025","8.60","8.69","8.72","8.58","45.14M","-0.72%"
"03/25/2025","8.66","8.57","8.78","8.56","35.72M","1.36%"
"03/24/2025","8.54","8.53","8.61","8.46","39.65M","0.21%"
"03/21/2025","8.52","8.55","8.58","8.51","50.83M","-0.10%"
"03/20/2025","8.53","8.60","8.66","8.52","35.45M","-0.83%"
"03/19/2025","8.60","8.56","8.68","8.52","51.18M","0.73%"
"03/18/2025","8.54","8.50","8.58","8.44","41.97M","0.74%"
"03/17/2025","8.48","8.27","8.50","8.26","30.16M","2.70%"
"03/14/2025","8.26","8.06","8.29","8.02","36.43M","3.12%"
"03/13/2025","8.01","7.89","8.03","7.87","30.95M","1.58%"
"03/12/2025","7.88","7.94","7.94","7.83","30.08M","-0.34%"
"03/11/2025","7.91","8.01","8.01","7.83","31.37M","-1.00%"
"03/10/2025","7.99","7.94","7.99","7.89","32.84M","0.00%"
"03/07/2025","7.99","7.89","8.02","7.85","27.15M","1.01%"
"03/06/2025","7.91","7.88","7.95","7.83","27.95M","0.45%"
"03/05/2025","7.87","7.96","7.96","7.83","34.67M","1.00%"
"02/28/2025","7.80","7.96","7.99","7.79","47.51M","-2.55%"
"02/27/2025","8.00","7.98","8.05","7.96","29.27M","0.33%"
"02/26/2025","7.97","8.07","8.08","7.94","19.12M","-0.44%"
"02/25/2025","8.01","7.99","8.09","7.98","25.84M","0.56%"
"02/24/2025","7.96","8.05","8.11","7.89","22.57M","-1.10%"
"02/21/2025","8.05","8.05","8.06","7.94","27.66M","-0.11%"
"02/20/2025","8.06","8.13","8.13","8.02","18.96M","-0.33%"
"02/19/2025","8.09","8.10","8.15","8.04","34.60M","-0.98%"
"02/18/2025","8.17","8.24","8.25","8.05","62.07M","-0.38%"
"02/17/2025","8.20","8.19","8.28","8.15","50.85M","0.82%"
"02/14/2025","8.13","7.97","8.14","7.93","39.55M","2.94%"
"02/13/2025","7.90","7.83","7.90","7.80","18.67M","0.85%"
"02/12/2025","7.83","8.02","8.04","7.78","50.14M","-2.58%"
"02/11/2025","8.04","8.03","8.13","7.98","46.19M","1.36%"
"02/10/2025","7.93","7.93","8.01","7.88","25.82M","0.53%"
"02/07/2025","7.89","7.98","8.01","7.83","21.36M","-1.04%"
"02/06/2025","7.98","7.88","7.98","7.73","27.78M","0.63%"
"02/05/2025","7.93","7.86","7.98","7.84","25.04M","1.16%"
"02/04/2025","7.83","7.78","7.87","7.74","20.33M","0.21%"
"02/03/2025","7.82","7.83","7.89","7.76","22.15M","-1.05%"
"01/31/2025","7.90","7.98","7.99","7.86","26.76M","-0.63%"
"01/30/2025","7.95","7.79","7.98","7.77","28.37M","2.35%"
"01/29/2025","7.77","7.83","7.85","7.74","17.42M","-0.11%"
"01/28/2025","7.78","7.74","7.83","7.69","22.64M","0.00%"
"01/27/2025","7.78","7.59","7.78","7.56","25.21M","2.51%"
"01/24/2025","7.59","7.60","7.63","7.56","12.49M","-0.22%"
"01/23/2025","7.60","7.65","7.74","7.59","21.41M","-0.22%"
"01/22/2025","7.62","7.63","7.67","7.59","28.92M","-0.11%"
"01/21/2025","7.63","7.57","7.64","7.54","20.08M","0.88%"
"01/20/2025","7.56","7.48","7.66","7.47","15.63M","0.77%"
"01/17/2025","7.50","7.51","7.58","7.46","37.18M","0.56%"
"01/16/2025","7.46","7.51","7.55","7.44","33.75M","-0.77%"
"01/15/2025","7.52","7.28","7.53","7.26","36.41M","4.25%"
"01/14/2025","7.21","7.23","7.26","7.15","21.45M","-0.23%"
"01/13/2025","7.23","7.17","7.28","7.15","22.52M","0.69%"
"01/10/2025","7.18","7.28","7.29","7.15","23.44M","-1.37%"
"01/09/2025","7.28","7.22","7.31","7.20","18.12M","0.80%"
"01/08/2025","7.22","7.30","7.35","7.21","34.60M","-1.91%"
"01/07/2025","7.36","7.34","7.44","7.31","42.53M","0.79%"
"01/06/2025","7.30","7.13","7.32","7.11","30.02M","3.28%"
"01/03/2025","7.07","7.20","7.22","7.06","32.81M","-1.73%"
"01/02/2025","7.20","7.30","7.31","7.15","32.18M","-1.70%"
"12/30/2024","7.32","7.31","7.36","7.29","37.80M","0.00%"
"12/27/2024","7.32","7.40","7.44","7.30","24.13M","-0.79%"
"12/26/2024","7.38","7.30","7.38","7.25","32.66M","1.14%"
"12/23/2024","7.30","7.31","7.37","7.23","26.64M","-1.35%"
"12/20/2024","7.40","7.28","7.42","7.27","52.49M","1.59%"
"12/19/2024","7.28","7.26","7.37","7.22","37.11M","0.92%"
"12/18/2024","7.21","7.48","7.49","7.20","51.85M","-3.76%"
"12/17/2024","7.49","7.51","7.56","7.44","53.35M","0.11%"
"12/16/2024","7.49","7.61","7.63","7.45","44.58M","-1.53%"
"12/13/2024","7.60","7.64","7.69","7.54","58.96M","-0.33%"
"12/12/2024","7.63","7.83","7.83","7.61","34.54M","-3.18%"
"12/11/2024","7.88","7.79","7.98","7.66","36.55M","1.16%"
"12/10/2024","7.79","7.71","7.79","7.68","23.64M","1.61%"
"12/09/2024","7.66","7.65","7.70","7.62","24.86M","0.32%"
"12/06/2024","7.64","7.78","7.80","7.61","25.67M","-2.11%"
"12/05/2024","7.80","7.73","7.80","7.70","29.09M","2.27%"
"12/04/2024","7.63","7.56","7.69","7.55","20.14M","0.65%"
"12/03/2024","7.58","7.56","7.61","7.51","29.81M","0.62%"
"12/02/2024","7.53","7.64","7.67","7.48","42.14M","-1.30%"
"11/29/2024","7.63","7.63","7.68","7.50","56.27M","-0.31%"
"11/28/2024","7.66","7.87","7.89","7.61","27.78M","-2.98%"
"11/27/2024","7.89","8.17","8.19","7.89","33.08M","-3.45%"
"11/26/2024","8.17","8.06","8.25","8.02","27.49M","2.35%"
"11/25/2024","7.99","8.02","8.04","7.97","39.24M","-0.68%"
"11/22/2024","8.04","8.02","8.04","7.95","18.95M","0.59%"
"11/21/2024","7.99","8.08","8.10","7.98","28.84M","-1.83%"
"11/19/2024","8.14","8.08","8.17","8.03","21.31M","0.97%"
"11/18/2024","8.06","8.14","8.15","8.06","27.98M","-1.15%"
"11/14/2024","8.16","8.20","8.21","8.11","18.81M","-0.86%"
"11/13/2024","8.23","8.28","8.28","8.13","23.08M","-0.66%"
"11/12/2024","8.28","8.34","8.38","8.23","20.89M","-0.66%"
"11/11/2024","8.34","8.33","8.38","8.30","28.92M","-0.37%"
"11/08/2024","8.37","8.40","8.42","8.27","37.94M","-1.84%"
"11/07/2024","8.53","8.59","8.70","8.46","26.21M","-1.36%"
"11/06/2024","8.64","8.56","8.67","8.48","23.04M","-0.18%"
"11/05/2024","8.66","8.41","8.69","8.38","33.84M","3.66%"
"11/04/2024","8.35","8.30","8.41","8.27","22.85M","1.52%"
"11/01/2024","8.23","8.32","8.33","8.20","19.06M","-0.94%"
"10/31/2024","8.31","8.33","8.39","8.26","30.19M","-0.56%"
"10/30/2024","8.35","8.36","8.42","8.33","13.60M","-0.28%"
"10/29/2024","8.38","8.43","8.48","8.37","18.96M","-0.65%"
"10/28/2024","8.43","8.40","8.46","8.38","12.96M","1.13%"
"10/25/2024","8.34","8.41","8.42","8.32","27.44M","-1.02%"
"10/24/2024","8.42","8.34","8.44","8.31","28.70M","0.84%"
"10/23/2024","8.35","8.24","8.35","8.24","17.76M","0.38%"
"10/22/2024","8.32","8.24","8.32","8.24","15.05M","0.09%"
"10/21/2024","8.31","8.32","8.34","8.26","15.23M","0.09%"
"10/18/2024","8.31","8.31","8.35","8.24","22.41M","0.28%"
"10/17/2024","8.28","8.22","8.35","8.16","20.65M","0.00%"
"10/16/2024","8.28","8.31","8.34","8.26","43.41M","-0.28%"
"10/15/2024","8.31","8.28","8.32","8.20","32.89M","0.47%"
"10/14/2024","8.27","8.18","8.31","8.17","20.45M","0.86%"
"10/11/2024","8.20","8.24","8.25","8.17","12.53M","-0.48%"
"10/10/2024","8.24","8.19","8.29","8.18","18.81M","0.48%"
"10/09/2024","8.20","8.31","8.31","8.17","25.26M","-1.78%"
"10/08/2024","8.35","8.30","8.42","8.29","18.81M","0.00%"
"10/07/2024","8.35","8.34","8.39","8.28","16.64M","0.38%"
"10/04/2024","8.31","8.26","8.36","8.24","16.69M","0.19%"
"10/03/2024","8.30","8.49","8.50","8.28","31.81M","-3.02%"
"10/02/2024","8.56","8.61","8.69","8.55","14.91M","0.37%"
"10/01/2024","8.53","8.68","8.71","8.52","27.33M","-1.63%"
"09/30/2024","8.67","8.69","8.79","8.64","44.91M","-0.72%"
"09/27/2024","8.73","8.74","8.79","8.67","29.39M","-0.27%"
"09/26/2024","8.75","8.65","8.77","8.64","23.06M","1.64%"
"09/25/2024","8.61","8.55","8.61","8.55","17.44M","0.82%"
"09/24/2024","8.54","8.59","8.65","8.48","18.68M","0.09%"
"09/23/2024","8.53","8.56","8.59","8.51","23.49M","-0.64%"
"09/20/2024","8.59","8.69","8.72","8.59","42.59M","-1.10%"
"09/19/2024","8.68","8.68","8.79","8.64","58.98M","0.36%"
"09/18/2024","8.65","8.65","8.74","8.62","27.71M","-0.45%"
"09/17/2024","8.69","8.70","8.72","8.64","25.99M","-0.45%"
"09/16/2024","8.73","8.73","8.75","8.69","9.87M","0.00%"
"09/13/2024","8.73","8.75","8.82","8.66","28.41M","0.00%"
"09/12/2024","8.73","8.72","8.75","8.65","21.17M","-0.27%"
"09/11/2024","8.75","8.75","8.78","8.68","36.08M","0.00%"
"09/10/2024","8.75","8.68","8.76","8.66","18.31M","-0.09%"
"09/09/2024","8.76","8.66","8.78","8.65","16.17M","1.08%"
"09/06/2024","8.67","8.74","8.75","8.64","37.28M","-0.98%"
"09/05/2024","8.75","8.68","8.75","8.62","25.88M","0.90%"
"09/04/2024","8.68","8.64","8.79","8.62","27.65M","0.82%"
"09/03/2024","8.61","8.50","8.63","8.48","16.08M","1.56%"
"09/02/2024","8.47","8.56","8.57","8.46","19.75M","-0.61%"
"08/30/2024","8.52","8.52","8.52","8.42","52.30M","-0.45%"
"08/29/2024","8.56","8.64","8.68","8.54","23.75M","-1.26%"
"08/28/2024","8.67","8.49","8.69","8.45","25.76M","1.83%"
"08/27/2024","8.52","8.52","8.52","8.45","17.12M","0.00%"
"08/26/2024","8.52","8.54","8.56","8.46","16.48M","-0.09%"
"08/23/2024","8.52","8.55","8.62","8.49","30.00M","0.00%"
"08/22/2024","8.52","8.48","8.52","8.42","20.10M","-0.54%"
"08/21/2024","8.57","8.61","8.63","8.54","21.12M","-0.45%"
"08/20/2024","8.61","8.60","8.64","8.53","17.56M","0.27%"
"08/19/2024","8.59","8.51","8.62","8.50","40.94M","0.91%"
"08/16/2024","8.51","8.62","8.66","8.45","33.79M","-0.55%"
"08/15/2024","8.56","8.46","8.56","8.41","21.24M","1.29%"
"08/14/2024","8.45","8.27","8.50","8.26","35.16M","2.07%"
"08/13/2024","8.28","8.13","8.28","8.09","30.13M","2.31%"
"08/12/2024","8.09","8.07","8.10","8.03","23.81M","0.48%"
"08/09/2024","8.05","7.88","8.05","7.86","26.38M","2.68%"
"08/08/2024","7.84","7.82","7.90","7.82","20.00M","0.00%"
"08/07/2024","7.84","7.85","7.88","7.71","19.87M","0.50%"
"08/06/2024","7.80","7.65","7.83","7.65","21.82M","2.14%"
"08/05/2024","7.64","7.51","7.67","7.50","26.26M","-0.20%"
"08/02/2024","7.65","7.75","7.79","7.62","24.85M","-1.40%"
"08/01/2024","7.76","7.91","7.93","7.70","27.04M","-1.87%"
"07/31/2024","7.91","7.98","7.99","7.87","35.85M","-0.78%"
"07/30/2024","7.97","8.02","8.03","7.93","22.82M","-0.77%"
"07/29/2024","8.03","7.99","8.05","7.97","24.13M","0.39%"
"07/26/2024","8.00","7.93","8.00","7.87","10.09M","1.28%"
"07/25/2024","7.90","7.95","8.00","7.86","27.69M","-0.88%"
"07/24/2024","7.97","7.98","8.01","7.94","14.23M","-0.19%"
"07/23/2024","7.99","8.06","8.07","7.98","15.31M","-1.15%"
"07/22/2024","8.08","8.05","8.10","8.03","17.84M","0.29%"
"07/19/2024","8.06","7.99","8.09","7.99","14.70M","0.97%"
"07/18/2024","7.98","8.03","8.07","7.93","19.44M","-0.97%"
"07/17/2024","8.06","7.97","8.07","7.92","23.88M","1.07%"
"07/16/2024","7.97","7.95","7.99","7.93","23.58M","0.29%"
"07/15/2024","7.95","7.95","7.97","7.90","20.08M","0.10%"
"07/12/2024","7.94","7.89","7.94","7.84","23.61M","0.49%"
"07/11/2024","7.90","7.87","7.90","7.85","17.58M","0.49%"
"07/10/2024","7.86","7.77","7.86","7.75","31.13M","1.40%"
"07/09/2024","7.75","7.68","7.75","7.65","14.76M","0.61%"
"07/08/2024","7.71","7.74","7.75","7.66","17.66M","-0.40%"
"07/05/2024","7.74","7.79","7.80","7.66","17.48M","-0.50%"
"07/04/2024","7.78","7.86","7.86","7.75","10.73M","0.30%"
"07/03/2024","7.75","7.68","7.82","7.67","16.04M","1.42%"
"07/02/2024","7.65","7.60","7.67","7.58","19.16M","0.82%"
"07/01/2024","7.58","7.62","7.71","7.56","17.81M","-0.71%"
"06/28/2024","7.64","7.65","7.68","7.55","25.90M","-0.20%"
"06/27/2024","7.65","7.67","7.72","7.61","17.93M","-0.10%"
"06/26/2024","7.66","7.65","7.68","7.54","21.46M","-0.51%"
"06/25/2024","7.70","7.66","7.75","7.64","28.47M","0.20%"
"06/24/2024","7.68","7.54","7.72","7.53","49.39M","2.07%"
"06/21/2024","7.53","7.53","7.64","7.51","51.56M","-0.26%"
"06/20/2024","7.55","7.60","7.61","7.52","18.54M","-0.10%"
"06/19/2024","7.56","7.48","7.57","7.43","15.19M","1.03%"
"06/18/2024","7.48","7.43","7.51","7.41","34.81M","0.73%"
"06/17/2024","7.43","7.39","7.48","7.36","26.26M","0.73%"
"06/14/2024","7.37","7.37","7.40","7.33","18.74M","0.00%"
"06/13/2024","7.37","7.43","7.48","7.37","17.23M","-1.03%"
"06/12/2024","7.45","7.53","7.55","7.38","30.22M","-0.92%"
"06/11/2024","7.52","7.46","7.56","7.41","14.79M","1.46%"
"06/10/2024","7.41","7.47","7.49","7.38","22.91M","-0.82%"
"06/07/2024","7.47","7.60","7.63","7.43","32.37M","-2.41%"
"06/06/2024","7.66","7.61","7.70","7.59","11.43M","0.61%"
"06/05/2024","7.61","7.57","7.63","7.53","18.16M","0.51%"
"06/04/2024","7.57","7.52","7.57","7.47","16.41M","0.51%"
"06/03/2024","7.53","7.50","7.56","7.46","21.76M","0.76%"
"05/31/2024","7.48","7.56","7.59","7.45","61.45M","-1.42%"
"05/29/2024","7.58","7.62","7.65","7.57","25.93M","-1.00%"
"05/28/2024","7.66","7.72","7.74","7.63","18.48M","0.00%"
"05/27/2024","7.66","7.66","7.70","7.64","17.04M","-23.16%"
"05/25/2024","9.97","9.97","9.97","9.97","","30.26%"
"05/24/2024","7.65","7.71","7.75","7.62","33.68M","-0.70%"
"05/23/2024","7.71","7.74","7.77","7.69","19.70M","-0.89%"
"05/22/2024","7.78","7.81","7.84","7.75","39.61M","-0.78%"
"05/21/2024","7.84","7.85","7.88","7.83","32.86M","-0.10%"
"05/20/2024","7.85","7.88","7.91","7.82","25.03M","-0.49%"
"05/17/2024","7.88","7.91","7.92","7.85","27.83M","-0.58%"
"05/16/2024","7.93","7.95","7.97","7.86","14.88M","0.49%"
"05/15/2024","7.89","7.89","7.95","7.85","19.51M","-0.10%"
"05/14/2024","7.90","7.79","7.90","7.78","23.62M","1.58%"
"05/13/2024","7.78","7.74","7.81","7.72","20.11M","0.80%"
"05/10/2024","7.72","7.65","7.72","7.62","21.20M","1.11%"
"05/09/2024","7.63","7.72","7.72","7.55","23.33M","-1.59%"
"05/08/2024","7.75","7.62","7.77","7.59","28.79M","1.10%"
"05/07/2024","7.67","7.63","7.75","7.56","24.31M","1.53%"
"05/06/2024","7.55","7.55","7.63","7.52","14.34M","0.10%"
"05/03/2024","7.55","7.55","7.62","7.52","21.23M","1.13%"
"05/02/2024","7.46","7.42","7.52","7.38","24.08M","1.57%"
"04/30/2024","7.35","7.41","7.47","7.33","28.01M","-1.04%"
"04/29/2024","7.42","7.45","7.48","7.35","17.90M","-0.31%"
"04/26/2024","7.45","7.34","7.48","7.32","16.36M","1.79%"
"04/25/2024","7.32","7.35","7.38","7.27","15.06M","-0.52%"
"04/24/2024","7.35","7.35","7.40","7.32","18.08M","-0.21%"
"04/23/2024","7.37","7.27","7.45","7.27","23.80M","0.74%"
"04/22/2024","7.32","7.34","7.37","7.26","15.28M","-0.10%"
"04/19/2024","7.32","7.33","7.38","7.30","15.69M","-0.10%"
"04/18/2024","7.33","7.34","7.41","7.25","24.33M","-0.10%"
"04/17/2024","7.34","7.38","7.41","7.30","24.78M","-0.42%"
"04/16/2024","7.37","7.44","7.45","7.35","23.02M","-1.44%"
"04/15/2024","7.48","7.60","7.62","7.42","22.24M","-1.72%"
"04/12/2024","7.61","7.66","7.67","7.58","13.24M","-1.10%"
"04/11/2024","7.69","7.67","7.72","7.61","20.32M","0.00%"
"04/10/2024","7.69","7.84","7.85","7.65","19.91M","-1.96%"
"04/09/2024","7.85","7.77","7.88","7.76","12.11M","1.09%"
"04/08/2024","7.76","7.70","7.81","7.68","21.60M","1.10%"
"04/05/2024","7.68","7.73","7.75","7.62","19.02M","-0.60%"
"04/04/2024","7.72","7.84","7.92","7.68","24.04M","-1.28%"
"04/03/2024","7.82","7.82","7.85","7.73","15.89M","0.00%"
"04/02/2024","7.82","7.84","7.86","7.77","18.12M","-0.39%"
"04/01/2024","7.85","8.07","8.11","7.82","17.31M","-2.67%"
"03/28/2024","8.07","8.07","8.09","7.98","17.68M","0.19%"
"03/27/2024","8.05","7.98","8.06","7.91","13.26M","0.87%"
"03/26/2024","7.98","7.86","7.98","7.85","16.37M","1.37%"
"03/25/2024","7.88","7.93","7.93","7.85","19.42M","-23.60%"
"03/23/2024","10.31","10.31","10.31","10.31","","29.63%"
"03/22/2024","7.95","8.03","8.06","7.91","12.60M","-1.52%"
"03/21/2024","8.08","8.18","8.18","8.01","17.57M","-1.40%"
"03/20/2024","8.19","8.11","8.19","8.08","16.91M","1.32%"
"03/19/2024","8.08","8.14","8.18","8.06","8.93M","-0.56%"
"03/18/2024","8.13","8.15","8.23","8.10","12.47M","-0.09%"
"03/15/2024","8.14","8.18","8.24","8.13","53.58M","-0.37%"
"03/14/2024","8.17","8.17","8.20","8.09","15.55M","0.00%"
"03/13/2024","8.17","8.05","8.20","8.03","19.64M","1.23%"
"03/12/2024","8.07","8.01","8.08","7.97","19.00M","1.25%"
"03/11/2024","7.97","7.94","8.02","7.92","15.23M","0.10%"
"03/08/2024","7.96","7.86","7.99","7.85","15.16M","0.97%"
"03/07/2024","7.89","7.94","7.99","7.83","13.06M","-0.77%"
"03/06/2024","7.95","7.88","7.99","7.86","27.64M","1.26%"
"03/05/2024","7.85","7.85","7.92","7.82","16.04M","0.10%"
"03/04/2024","7.84","7.86","7.88","7.81","10.91M","-0.29%"
"03/01/2024","7.86","7.86","7.91","7.82","10.28M","0.23%"
"02/29/2024","7.84","8.00","8.02","7.78","30.29M","-2.28%"
"02/28/2024","8.03","7.97","8.06","7.94","21.17M","0.38%"
"02/27/2024","8.00","7.88","8.00","7.87","19.46M","1.84%"
"02/26/2024","7.85","7.86","7.92","7.81","22.56M","-0.10%"
"02/23/2024","7.86","7.94","7.95","7.76","39.84M","-1.24%"
"02/22/2024","7.96","7.98","8.03","7.89","40.93M","0.28%"
"02/21/2024","7.94","8.05","8.08","7.88","20.31M","-1.29%"
"02/20/2024","8.04","7.91","8.10","7.87","38.24M","3.04%"
"02/19/2024","7.80","7.74","7.83","7.73","12.92M","0.76%"
"02/16/2024","7.74","7.73","7.78","7.69","19.86M","0.38%"
"02/15/2024","7.71","7.70","7.74","7.66","15.35M","0.58%"
"02/14/2024","7.67","7.65","7.71","7.63","13.75M","-0.10%"
"02/09/2024","7.68","7.65","7.73","7.63","19.06M","0.39%"
"02/08/2024","7.65","7.76","7.80","7.62","25.45M","-1.34%"
"02/07/2024","7.75","7.77","7.81","7.68","19.91M","-0.76%"
"02/06/2024","7.81","7.52","7.83","7.51","37.97M","3.94%"
"02/05/2024","7.51","7.40","7.53","7.39","19.28M","1.70%"
"02/02/2024","7.39","7.40","7.43","7.27","27.37M","-0.10%"
"02/01/2024","7.40","7.40","7.46","7.27","23.86M","-0.10%"
"01/31/2024","7.40","7.35","7.53","7.33","23.60M","1.11%"
"01/30/2024","7.32","7.37","7.38","7.30","30.03M","-0.40%"
"01/29/2024","7.35","7.40","7.43","7.34","10.90M","-0.80%"
"01/26/2024","7.41","7.37","7.45","7.35","18.13M","0.70%"
"01/25/2024","7.36","7.37","7.40","7.34","15.70M","-0.20%"
"01/24/2024","7.37","7.47","7.54","7.33","22.25M","-0.90%"
"01/23/2024","7.44","7.37","7.47","7.32","32.27M","1.41%"
"01/22/2024","7.34","7.43","7.46","7.28","10.94M","-1.29%"
"01/19/2024","7.43","7.40","7.43","7.36","14.77M","0.50%"
"01/18/2024","7.40","7.47","7.48","7.39","24.09M","-0.89%"
"01/17/2024","7.46","7.43","7.50","7.42","22.24M","0.30%"
"01/16/2024","7.44","7.51","7.54","7.44","29.99M","-1.66%"
"01/15/2024","7.57","7.51","7.57","7.48","10.71M","0.69%"
"01/12/2024","7.51","7.46","7.54","7.40","14.92M","0.50%"
"01/11/2024","7.48","7.48","7.54","7.43","14.25M","-0.49%"
"01/10/2024","7.51","7.55","7.57","7.48","10.19M","-0.29%"
"01/09/2024","7.54","7.50","7.56","7.45","14.75M","0.20%"
"01/08/2024","7.52","7.57","7.59","7.50","17.02M","-0.68%"
"01/05/2024","7.57","7.42","7.62","7.40","29.10M","2.10%"
"01/04/2024","7.42","7.51","7.54","7.37","26.98M","-1.28%"
"01/03/2024","7.51","7.51","7.59","7.49","19.56M","-0.20%"
"01/02/2024","7.53","7.63","7.64","7.50","18.09M","-1.93%"
"12/28/2023","7.68","7.67","7.70","7.63","25.19M","0.10%"
"12/27/2023","7.67","7.59","7.70","7.57","20.85M","0.78%"
"12/26/2023","7.61","7.59","7.62","7.54","14.04M","0.29%"
"12/22/2023","7.59","7.49","7.59","7.48","14.16M","1.49%"
"12/21/2023","7.48","7.45","7.50","7.42","13.60M","0.80%"
"12/20/2023","7.42","7.47","7.50","7.40","18.72M","-0.99%"
"12/19/2023","7.49","7.48","7.54","7.44","22.05M","0.59%"
"12/18/2023","7.45","7.46","7.49","7.38","28.61M","0.00%"
"12/15/2023","7.45","7.46","7.48","7.33","66.53M","0.10%"
"12/14/2023","7.44","7.43","7.46","7.36","27.07M","1.20%"
"12/13/2023","7.35","7.14","7.43","7.12","32.45M","2.98%"
"12/12/2023","7.14","7.18","7.19","7.12","11.61M","-0.51%"
"12/11/2023","7.18","7.20","7.22","7.14","15.20M","-0.91%"
"12/08/2023","7.24","7.15","7.24","7.10","15.53M","1.34%"
"12/07/2023","7.15","7.10","7.15","7.08","12.60M","0.83%"
"12/06/2023","7.09","7.24","7.26","7.06","17.67M","-1.83%"
"12/05/2023","7.22","7.15","7.25","7.12","20.34M","0.92%"
"12/04/2023","7.15","7.15","7.21","7.12","17.55M","-0.10%"
"12/01/2023","7.16","7.15","7.16","7.08","28.60M","0.24%"
"11/30/2023","7.14","7.01","7.18","7.00","56.07M","2.09%"
"11/29/2023","7.00","7.01","7.05","6.96","17.08M","0.32%"
"11/28/2023","6.98","6.95","7.00","6.89","23.96M","0.26%"
"11/27/2023","6.96","6.97","6.98","6.89","20.97M","0.71%"
"11/24/2023","6.91","6.94","6.97","6.85","23.03M","-0.60%"
"11/23/2023","6.95","6.95","6.96","6.88","23.77M","0.61%"
"11/22/2023","6.91","6.98","7.03","6.85","37.85M","-0.40%"
"11/21/2023","6.94","6.93","6.96","6.89","19.12M","0.00%"
"11/20/2023","6.94","6.89","6.99","6.85","26.33M","1.02%"
"11/17/2023","6.87","6.91","6.94","6.85","25.70M","-0.30%"
"11/16/2023","6.89","6.75","6.92","6.74","32.72M","1.86%"
"11/14/2023","6.76","6.64","6.79","6.59","38.86M","2.65%"
"11/13/2023","6.59","6.59","6.61","6.53","16.44M","0.00%"
"11/10/2023","6.59","6.53","6.64","6.51","14.19M","1.18%"
"11/09/2023","6.51","6.53","6.55","6.46","14.90M","0.11%"
"11/08/2023","6.50","6.50","6.54","6.46","13.04M","0.11%"
"11/07/2023","6.50","6.36","6.55","6.32","25.25M","2.08%"
"11/06/2023","6.36","6.36","6.37","6.27","19.62M","0.66%"
"11/03/2023","6.32","6.22","6.36","6.20","27.68M","3.66%"
"11/01/2023","6.10","6.04","6.14","6.02","27.08M","1.16%"
"10/31/2023","6.03","6.04","6.06","5.99","24.39M","0.00%"
"10/30/2023","6.03","6.11","6.13","6.02","17.81M","-1.03%"
"10/27/2023","6.09","6.21","6.23","6.07","19.77M","-1.91%"
"10/26/2023","6.21","6.11","6.23","6.09","20.89M","2.18%"
"10/25/2023","6.08","6.16","6.26","6.08","15.53M","-0.80%"
"10/24/2023","6.13","6.13","6.16","6.09","18.56M","0.57%"
"10/23/2023","6.09","6.11","6.17","6.07","12.58M","-0.11%"
"10/20/2023","6.10","6.10","6.19","6.07","15.12M","-0.10%"
"10/19/2023","6.11","6.06","6.18","6.04","16.77M","0.57%"
"10/18/2023","6.07","6.08","6.15","6.04","30.78M","-1.02%"
"10/17/2023","6.13","6.22","6.22","6.12","22.01M","-2.10%"
"10/16/2023","6.26","6.24","6.28","6.21","17.50M","1.01%"
"10/13/2023","6.20","6.36","6.36","6.20","26.14M","-2.30%"
"10/11/2023","6.35","6.25","6.36","6.23","27.74M","1.55%"
"10/10/2023","6.25","6.19","6.26","6.17","22.60M","1.35%"
"10/09/2023","6.17","6.20","6.20","6.11","20.98M","-1.11%"
"10/06/2023","6.24","6.11","6.29","6.10","35.79M","0.78%"
"10/05/2023","6.19","6.17","6.27","6.14","23.15M","0.34%"
"10/04/2023","6.17","6.13","6.22","6.10","30.80M","0.91%"
"10/03/2023","6.11","6.17","6.17","6.10","36.68M","-1.01%"
"10/02/2023","6.17","6.27","6.28","6.16","25.50M","-1.66%"
"09/29/2023","6.28","6.31","6.32","6.24","14.80M","0.33%"
"09/28/2023","6.26","6.13","6.27","6.12","29.82M","1.69%"
"09/27/2023","6.15","6.20","6.23","6.11","17.19M","-0.45%"
"09/26/2023","6.18","6.29","6.30","6.18","17.77M","-1.66%"
"09/25/2023","6.29","6.24","6.33","6.23","18.43M","0.55%"
"09/22/2023","6.25","6.33","6.35","6.22","22.98M","-0.81%"
"09/21/2023","6.30","6.38","6.38","6.29","23.62M","-2.02%"
"09/20/2023","6.43","6.38","6.49","6.38","18.08M","0.86%"
"09/19/2023","6.38","6.40","6.43","6.36","16.47M","-0.43%"
"09/18/2023","6.40","6.43","6.49","6.40","19.67M","0.21%"
"09/15/2023","6.39","6.40","6.43","6.35","31.44M","-0.11%"
"09/14/2023","6.40","6.36","6.45","6.34","35.86M","0.76%"
"09/13/2023","6.35","6.36","6.43","6.34","21.92M","0.00%"
"09/12/2023","6.35","6.35","6.40","6.30","14.88M","0.43%"
"09/11/2023","6.32","6.21","6.37","6.19","22.35M","-29.91%"
"09/09/2023","9.02","9.02","9.02","9.02","","46.15%"
"09/08/2023","6.17","6.16","6.23","6.13","20.97M","0.00%"
"09/06/2023","6.17","6.25","6.27","6.15","29.87M","-1.21%"
"09/05/2023","6.25","6.30","6.35","6.25","19.65M","-1.30%"
"09/04/2023","6.33","6.40","6.43","6.33","10.91M","-32.16%"
"09/02/2023","9.33","9.33","9.33","9.33","","45.83%"
"09/01/2023","6.40","6.32","6.43","6.30","24.62M","1.08%"
"08/31/2023","6.33","6.45","6.45","6.33","30.73M","-2.12%"
"08/30/2023","6.47","6.56","6.58","6.43","15.27M","-1.46%"
"08/29/2023","6.56","6.53","6.60","6.50","19.83M","0.95%"
"08/28/2023","6.50","6.41","6.51","6.36","40.70M","1.61%"
"08/25/2023","6.40","6.46","6.48","6.38","60.20M","-1.06%"
"08/24/2023","6.47","6.52","6.53","6.43","18.18M","-1.26%"
"08/23/2023","6.55","6.43","6.57","6.40","28.17M","1.92%"
"08/22/2023","6.43","6.34","6.46","6.33","29.17M","1.63%"
"08/21/2023","6.32","6.40","6.41","6.30","41.01M","-1.49%"
"08/18/2023","6.42","6.38","6.44","6.34","15.25M","0.57%"
"08/17/2023","6.38","6.46","6.49","6.36","25.69M","-0.85%"
"08/16/2023","6.44","6.46","6.55","6.44","58.01M","-0.73%"
"08/15/2023","6.48","6.51","6.53","6.45","34.25M","-0.31%"
"08/14/2023","6.50","6.48","6.53","6.46","25.44M","-0.42%"
"08/11/2023","6.53","6.46","6.57","6.44","23.29M","0.84%"
"08/10/2023","6.48","6.48","6.57","6.45","19.75M","0.11%"
"08/09/2023","6.47","6.55","6.55","6.39","25.16M","-1.65%"
"08/08/2023","6.58","6.59","6.60","6.49","32.28M","-0.92%"
"08/07/2023","6.64","6.65","6.71","6.59","18.93M","0.00%"
"08/04/2023","6.64","6.70","6.76","6.61","22.20M","-0.81%"
"08/03/2023","6.70","6.72","6.82","6.65","28.19M","-0.10%"
"08/02/2023","6.70","6.65","6.74","6.64","27.26M","0.51%"
"08/01/2023","6.67","6.65","6.72","6.59","29.20M","-0.20%"
"07/31/2023","6.68","6.71","6.74","6.65","19.26M","0.10%"
"07/28/2023","6.67","6.61","6.71","6.57","16.47M","1.34%"
"07/27/2023","6.59","6.67","6.67","6.55","34.72M","-1.33%"
"07/26/2023","6.67","6.72","6.73","6.63","45.02M","-0.39%"
"07/25/2023","6.70","6.71","6.83","6.65","88.91M","0.81%"
"07/24/2023","6.65","6.70","6.76","6.60","23.18M","-0.71%"
"07/21/2023","6.69","6.61","6.73","6.59","28.69M","1.75%"
"07/20/2023","6.58","6.55","6.59","6.52","18.78M","0.62%"
"07/19/2023","6.54","6.57","6.62","6.48","27.88M","-0.92%"
"07/18/2023","6.60","6.61","6.68","6.55","18.09M","-0.20%"
"07/17/2023","6.61","6.49","6.64","6.47","12.10M","1.45%"
"07/14/2023","6.52","6.57","6.60","6.50","14.29M","-0.93%"
"07/13/2023","6.58","6.50","6.64","6.46","15.12M","1.25%"
"07/12/2023","6.50","6.51","6.55","6.46","11.37M","0.00%"
"07/11/2023","6.50","6.56","6.57","6.41","18.84M","-1.23%"
"07/10/2023","6.58","6.61","6.62","6.52","13.29M","-0.21%"
"07/07/2023","6.59","6.53","6.66","6.48","13.46M","1.35%"
"07/06/2023","6.50","6.62","6.65","6.49","15.56M","-2.14%"
"07/05/2023","6.65","6.52","6.69","6.52","31.46M","1.66%"
"07/04/2023","6.54","6.62","6.64","6.52","9.02M","-1.33%"
"07/03/2023","6.63","6.57","6.65","6.52","24.57M","1.56%"
"06/30/2023","6.52","6.53","6.61","6.51","21.30M","0.42%"
"06/29/2023","6.50","6.41","6.53","6.41","14.26M","1.48%"
"06/28/2023","6.40","6.43","6.48","6.40","15.91M","-1.05%"
"06/27/2023","6.47","6.54","6.57","6.44","20.84M","-1.04%"
"06/26/2023","6.54","6.53","6.58","6.48","12.27M","0.00%"
"06/23/2023","6.54","6.57","6.58","6.48","14.30M","0.00%"
"06/22/2023","6.54","6.56","6.60","6.50","17.85M","-1.21%"
"06/21/2023","6.62","6.56","6.66","6.55","21.53M","0.82%"
"06/20/2023","6.56","6.53","6.58","6.48","18.44M","0.41%"
"06/19/2023","6.54","6.48","6.56","6.46","13.06M","1.24%"
"06/16/2023","6.46","6.44","6.54","6.40","49.80M","0.21%"
"06/15/2023","6.44","6.33","6.49","6.31","38.68M","1.80%"
"06/14/2023","6.33","6.27","6.37","6.24","50.72M","1.18%"
"06/13/2023","6.25","6.20","6.28","6.17","29.84M","0.86%"
"06/12/2023","6.20","6.17","6.23","6.15","40.65M","0.43%"
"06/09/2023","6.17","6.11","6.19","6.08","27.12M","1.32%"
"06/07/2023","6.09","6.13","6.13","6.03","37.91M","0.22%"
"06/06/2023","6.08","6.09","6.17","6.07","32.51M","0.00%"
"06/05/2023","6.08","6.11","6.11","6.03","11.61M","-0.11%"
"06/02/2023","6.09","6.01","6.11","6.00","30.96M","2.36%"
"06/01/2023","5.95","5.88","5.97","5.85","23.09M","1.52%"
"05/31/2023","5.86","5.88","5.93","5.84","33.17M","-1.13%"
"05/30/2023","5.92","6.04","6.04","5.88","26.74M","-1.00%"
"05/29/2023","5.98","5.97","6.01","5.93","11.18M","-0.11%"
"05/26/2023","5.99","6.07","6.11","5.95","16.75M","-0.55%"
"05/25/2023","6.02","6.00","6.06","5.96","23.44M","1.46%"
"05/24/2023","5.94","5.93","5.99","5.90","19.96M","-0.11%"
"05/23/2023","5.94","5.92","6.02","5.90","17.62M","0.45%"
"05/22/2023","5.92","5.92","6.01","5.90","19.10M","-0.67%"
"05/19/2023","5.96","5.99","6.00","5.92","49.43M","-0.67%"
"05/18/2023","6.00","5.98","6.01","5.89","28.46M","-0.22%"
"05/17/2023","6.01","6.02","6.07","5.97","16.57M","0.33%"
"05/16/2023","5.99","6.00","6.08","5.94","15.96M","-0.22%"
"05/15/2023","6.00","5.98","6.02","5.94","32.39M","0.45%"
"05/12/2023","5.98","5.95","6.00","5.92","16.69M","-0.44%"
"05/11/2023","6.00","5.94","6.04","5.92","21.75M","0.90%"
"05/10/2023","5.95","5.89","5.96","5.84","21.88M","0.79%"
"05/09/2023","5.90","5.86","5.96","5.85","21.68M","0.57%"
"05/08/2023","5.87","5.85","5.95","5.84","19.05M","-32.83%"
"05/06/2023","8.74","8.74","8.74","8.74","","49.89%"
"05/05/2023","5.83","5.68","5.87","5.66","37.17M","3.07%"
"05/04/2023","5.66","5.61","5.70","5.55","29.90M","1.31%"
"05/03/2023","5.58","5.58","5.62","5.56","17.98M","-0.12%"
"05/02/2023","5.59","5.78","5.80","5.54","35.10M","-3.46%"
"04/28/2023","5.79","5.76","5.81","5.68","32.64M","1.05%"
"04/27/2023","5.73","5.67","5.73","5.66","20.03M","1.30%"
"04/26/2023","5.66","5.74","5.74","5.64","29.04M","-1.28%"
"04/25/2023","5.73","5.69","5.74","5.68","30.58M","0.23%"
"04/24/2023","5.72","5.68","5.78","5.66","29.41M","0.47%"
"04/20/2023","5.69","5.70","5.73","5.64","18.01M","-0.12%"
"04/19/2023","5.70","5.70","5.74","5.66","16.44M","-1.04%"
"04/18/2023","5.76","5.76","5.79","5.69","17.64M","0.00%"
"04/17/2023","5.76","5.80","5.80","5.72","11.12M","-0.46%"
"04/14/2023","5.78","5.72","5.83","5.70","15.62M","0.81%"
"04/13/2023","5.74","5.73","5.78","5.68","23.52M","0.12%"
"04/12/2023","5.73","5.64","5.82","5.63","33.36M","2.02%"
"04/11/2023","5.62","5.49","5.64","5.48","23.03M","3.31%"
"04/10/2023","5.44","5.43","5.49","5.42","12.54M","0.37%"
"04/06/2023","5.42","5.41","5.44","5.36","15.60M","-0.12%"
"04/05/2023","5.42","5.47","5.48","5.38","16.37M","-0.25%"
"04/04/2023","5.44","5.40","5.49","5.39","12.41M","0.74%"
"04/03/2023","5.40","5.45","5.47","5.34","27.36M","-1.58%"
"03/31/2023","5.48","5.46","5.54","5.44","23.81M","0.74%"
"03/30/2023","5.44","5.38","5.46","5.35","19.27M","2.13%"
"03/29/2023","5.33","5.31","5.35","5.23","23.21M","1.01%"
"03/28/2023","5.28","5.30","5.32","5.26","60.99M","-0.38%"
"03/27/2023","5.30","5.26","5.33","5.26","40.46M","1.15%"
"03/24/2023","5.24","5.20","5.26","5.10","22.50M","1.91%"
"03/23/2023","5.14","5.25","5.30","5.11","30.32M","-1.52%"
"03/22/2023","5.22","5.28","5.31","5.20","25.56M","-1.25%"
"03/21/2023","5.28","5.26","5.32","5.25","25.89M","1.14%"
"03/20/2023","5.22","5.22","5.29","5.19","17.56M","0.64%"
"03/17/2023","5.19","5.30","5.30","5.19","43.61M","-2.24%"
"03/16/2023","5.31","5.28","5.34","5.23","29.44M","0.75%"
"03/15/2023","5.27","5.22","5.30","5.15","43.21M","0.38%"
"03/14/2023","5.25","5.26","5.30","5.22","22.53M","0.00%"
"03/13/2023","5.25","5.31","5.31","5.20","28.75M","-1.49%"
"03/10/2023","5.33","5.42","5.43","5.29","26.34M","-1.71%"
"03/09/2023","5.42","5.47","5.50","5.42","23.50M","-1.08%"
"03/08/2023","5.48","5.38","5.52","5.38","29.12M","2.09%"
"03/07/2023","5.37","5.40","5.41","5.32","13.63M","-0.37%"
"03/06/2023","5.39","5.31","5.48","5.30","27.14M","2.13%"
"03/03/2023","5.28","5.31","5.33","5.24","21.69M","0.25%"
"03/02/2023","5.26","5.38","5.46","5.24","30.21M","-2.21%"
"03/01/2023","5.38","5.44","5.44","5.31","27.67M","-0.69%"
"02/28/2023","5.42","5.44","5.49","5.38","21.75M","-0.24%"
"02/27/2023","5.43","5.48","5.51","5.42","14.95M","-0.84%"
"02/24/2023","5.48","5.63","5.64","5.48","20.24M","-2.80%"
"02/23/2023","5.64","5.64","5.77","5.62","19.35M","0.00%"
"02/22/2023","5.64","5.68","5.73","5.60","19.92M","-2.06%"
"02/17/2023","5.76","5.74","5.78","5.70","15.39M","-0.23%"
"02/16/2023","5.77","5.73","5.82","5.70","16.39M","0.23%"
"02/15/2023","5.76","5.69","5.82","5.68","37.60M","0.69%"
"02/14/2023","5.72","5.76","5.82","5.68","22.96M","-0.69%"
"02/13/2023","5.76","5.62","5.81","5.62","22.77M","2.46%"
"02/10/2023","5.62","5.65","5.70","5.59","19.53M","-1.04%"
"02/09/2023","5.68","5.83","5.86","5.61","23.65M","-2.60%"
"02/08/2023","5.83","5.50","5.89","5.49","53.84M","8.46%"
"02/07/2023","5.37","5.44","5.46","5.33","24.35M","-1.09%"
"02/06/2023","5.43","5.43","5.47","5.40","20.64M","0.12%"
"02/03/2023","5.43","5.45","5.49","5.39","27.07M","-0.96%"
"02/02/2023","5.48","5.43","5.61","5.43","39.64M","0.48%"
"02/01/2023","5.45","5.61","5.63","5.42","34.58M","-2.93%"
"01/31/2023","5.62","5.57","5.67","5.57","34.59M","0.35%"
"01/30/2023","5.60","5.57","5.60","5.53","22.96M","0.95%"
"01/27/2023","5.55","5.69","5.69","5.55","22.08M","-2.32%"
"01/26/2023","5.68","5.66","5.72","5.63","14.87M","0.47%"
"01/25/2023","5.65","5.63","5.66","5.55","15.25M","0.23%"
"01/24/2023","5.64","5.54","5.65","5.54","15.98M","1.90%"
"01/23/2023","5.53","5.66","5.68","5.51","25.32M","-2.10%"
"01/20/2023","5.65","5.72","5.74","5.62","18.56M","-1.27%"
"01/19/2023","5.72","5.66","5.74","5.61","16.25M","0.12%"
"01/18/2023","5.72","5.73","5.77","5.68","21.65M","0.81%"
"01/17/2023","5.67","5.59","5.71","5.57","19.34M","1.53%"
"01/16/2023","5.59","5.68","5.68","5.53","17.14M","-1.74%"
"01/13/2023","5.68","5.70","5.80","5.62","12.21M","-0.80%"
"01/12/2023","5.73","5.79","5.80","5.65","27.24M","-1.02%"
"01/11/2023","5.79","5.74","5.80","5.71","24.31M","0.80%"
"01/10/2023","5.74","5.56","5.79","5.54","32.47M","2.11%"
"01/09/2023","5.62","5.57","5.68","5.55","21.00M","0.71%"
"01/06/2023","5.59","5.50","5.60","5.50","23.03M","1.68%"
"01/05/2023","5.49","5.44","5.51","5.39","30.32M","1.46%"
"01/04/2023","5.41","5.41","5.45","5.35","21.20M","0.86%"
"01/03/2023","5.37","5.51","5.54","5.35","19.36M","-2.51%"
"01/02/2023","5.51","5.56","5.57","5.43","17.22M","-1.76%"
"12/29/2022","5.60","5.65","5.70","5.58","17.92M","-0.47%"
"12/28/2022","5.63","5.53","5.64","5.51","12.24M","2.03%"
"12/27/2022","5.52","5.60","5.62","5.47","14.14M","-1.06%"
"12/26/2022","5.58","5.64","5.65","5.54","7.41M","-1.28%"
"12/23/2022","5.65","5.57","5.68","5.57","12.73M","1.66%"
"12/22/2022","5.56","5.53","5.61","5.50","12.82M","0.48%"
"12/21/2022","5.53","5.53","5.57","5.46","26.20M","0.12%"
"12/20/2022","5.53","5.47","5.63","5.45","27.52M","0.96%"
"12/19/2022","5.47","5.31","5.49","5.30","25.40M","3.23%"
"12/16/2022","5.30","5.28","5.33","5.26","37.93M","0.75%"
"12/15/2022","5.26","5.22","5.38","5.18","34.71M","0.00%"
"12/14/2022","5.26","5.14","5.32","5.08","104.38M","1.91%"
"12/13/2022","5.16","5.35","5.41","5.15","48.88M","-3.33%"
"12/12/2022","5.34","5.37","5.41","5.24","40.19M","-0.73%"
"12/09/2022","5.38","5.42","5.43","5.35","15.53M","-0.18%"
"12/08/2022","5.39","5.53","5.53","5.36","25.40M","-2.79%"
"12/07/2022","5.55","5.56","5.59","5.52","21.05M","-0.35%"
"12/06/2022","5.56","5.56","5.58","5.49","29.42M","0.70%"
"12/05/2022","5.53","5.64","5.65","5.51","41.26M","-2.17%"
"12/02/2022","5.65","5.63","5.71","5.55","21.93M","0.46%"
"12/01/2022","5.62","5.63","5.70","5.59","23.95M","-1.43%"
"11/30/2022","5.70","5.65","5.72","5.58","31.66M","1.02%"
"11/29/2022","5.65","5.63","5.68","5.54","35.91M","0.34%"
"11/28/2022","5.63","5.67","5.71","5.60","26.39M","-0.79%"
"11/25/2022","5.67","5.80","5.83","5.65","39.32M","-2.21%"
"11/24/2022","5.80","5.65","5.86","5.64","25.55M","3.32%"
"11/23/2022","5.61","5.66","5.66","5.57","18.64M","-0.68%"
"11/22/2022","5.65","5.70","5.79","5.60","32.50M","-0.79%"
"11/21/2022","5.70","5.79","5.80","5.65","50.60M","0.13%"
"11/18/2022","5.69","5.68","5.80","5.61","45.20M","0.91%"
"11/17/2022","5.64","5.56","5.64","5.46","44.66M","0.46%"
"11/16/2022","5.61","5.70","5.72","5.54","36.01M","-1.79%"
"11/14/2022","5.72","5.69","5.77","5.61","35.72M","1.24%"
"11/11/2022","5.65","5.77","5.86","5.59","63.15M","-1.98%"
"11/10/2022","5.76","5.85","5.87","5.66","42.73M","-2.46%"
"11/09/2022","5.90","6.11","6.12","5.85","52.15M","-4.15%"
"11/08/2022","6.16","6.17","6.21","6.10","32.12M","0.28%"
"11/07/2022","6.14","6.20","6.25","6.07","39.23M","-1.76%"
"11/04/2022","6.25","6.29","6.37","6.25","22.79M","0.28%"
"11/03/2022","6.24","6.17","6.29","6.07","81.22M","-0.19%"
"11/01/2022","6.25","6.21","6.33","6.16","33.94M","0.19%"
"10/31/2022","6.24","5.92","6.27","5.92","47.49M","3.27%"
"10/28/2022","6.04","6.00","6.07","5.94","23.41M","0.10%"
"10/27/2022","6.03","5.93","6.10","5.90","34.33M","2.57%"
"10/26/2022","5.88","5.98","6.00","5.86","28.54M","-2.60%"
"10/25/2022","6.04","6.06","6.10","6.01","31.67M","-0.57%"
"10/24/2022","6.07","6.26","6.27","6.06","29.40M","-3.86%"
"10/21/2022","6.32","6.15","6.35","6.12","35.48M","2.64%"
"10/20/2022","6.15","6.06","6.17","6.04","39.93M","2.02%"
"10/19/2022","6.03","5.97","6.07","5.96","24.41M","0.97%"
"10/18/2022","5.97","5.92","5.99","5.90","29.50M","1.98%"
"10/17/2022","5.86","5.81","5.90","5.77","26.16M","1.10%"
"10/14/2022","5.79","5.82","5.91","5.77","28.70M","-0.40%"
"10/13/2022","5.82","5.81","5.88","5.77","24.92M","-0.60%"
"10/11/2022","5.85","5.89","5.96","5.82","31.28M","-1.27%"
"10/10/2022","5.93","5.96","5.97","5.87","22.58M","-0.20%"
"10/07/2022","5.94","5.96","5.98","5.85","17.94M","-0.68%"
"10/06/2022","5.98","6.02","6.04","5.94","25.35M","-0.48%"
"10/05/2022","6.01","6.00","6.07","5.97","19.31M","0.29%"
"10/04/2022","5.99","6.10","6.16","5.96","47.86M","-0.96%"
"10/03/2022","6.05","5.75","6.06","5.74","61.70M","7.09%"
"09/30/2022","5.65","5.57","5.70","5.55","36.67M","1.25%"
"09/29/2022","5.58","5.50","5.63","5.47","32.55M","1.26%"
"09/28/2022","5.51","5.49","5.56","5.47","19.75M","0.32%"
"09/27/2022","5.49","5.55","5.59","5.47","34.88M","-0.94%"
"09/26/2022","5.54","5.62","5.63","5.53","26.04M","-2.15%"
"09/23/2022","5.67","5.73","5.75","5.61","24.91M","-2.30%"
"09/22/2022","5.80","5.70","5.83","5.68","47.23M","2.15%"
"09/21/2022","5.68","5.71","5.75","5.65","41.71M","-0.51%"
"09/20/2022","5.71","5.54","5.71","5.54","35.34M","2.82%"
"09/19/2022","5.55","5.38","5.57","5.35","23.64M","3.02%"
"09/16/2022","5.39","5.42","5.45","5.36","37.47M","-0.75%"
"09/15/2022","5.43","5.43","5.49","5.39","23.85M","-0.11%"
"09/14/2022","5.43","5.43","5.48","5.40","20.58M","-0.11%"
"09/13/2022","5.44","5.50","5.54","5.42","19.27M","-1.58%"
"09/12/2022","5.53","5.43","5.54","5.43","24.92M","2.04%"
"09/09/2022","5.42","5.40","5.45","5.39","17.36M","0.65%"
"09/08/2022","5.38","5.40","5.43","5.34","20.30M","0.22%"
"09/06/2022","5.37","5.43","5.45","5.33","33.56M","-1.70%"
"09/05/2022","5.46","5.42","5.49","5.40","23.79M","1.18%"
"09/02/2022","5.40","5.34","5.44","5.32","31.16M","1.53%"
"09/01/2022","5.32","5.32","5.35","5.20","29.34M","0.37%"
"08/31/2022","5.30","5.42","5.44","5.30","36.41M","-2.03%"
"08/30/2022","5.41","5.40","5.47","5.38","34.67M","0.54%"
"08/29/2022","5.38","5.40","5.43","5.36","17.54M","-0.64%"
"08/26/2022","5.41","5.44","5.48","5.39","17.65M","-0.32%"
"08/25/2022","5.43","5.39","5.45","5.38","16.27M","0.97%"
"08/24/2022","5.38","5.37","5.43","5.36","16.41M","-0.32%"
"08/23/2022","5.40","5.40","5.43","5.35","20.33M","0.00%"
"08/22/2022","5.40","5.38","5.43","5.34","35.80M","-0.85%"
"08/19/2022","5.44","5.44","5.45","5.37","31.32M","-0.43%"
"08/18/2022","5.47","5.47","5.50","5.43","17.91M","0.00%"
"08/17/2022","5.47","5.42","5.50","5.41","19.41M","0.11%"
"08/16/2022","5.46","5.47","5.49","5.39","20.51M","0.42%"
"08/15/2022","5.44","5.40","5.45","5.35","33.69M","0.11%"
"08/12/2022","5.43","5.40","5.45","5.39","23.63M","1.29%"
"08/11/2022","5.36","5.41","5.43","5.35","20.78M","-0.32%"
"08/10/2022","5.38","5.38","5.43","5.36","38.32M","0.54%"
"08/09/2022","5.35","5.32","5.43","5.27","36.81M","1.86%"
"08/08/2022","5.25","5.21","5.28","5.18","23.44M","1.33%"
"08/05/2022","5.18","5.12","5.22","5.09","17.28M","1.35%"
"08/04/2022","5.12","5.02","5.14","5.01","31.34M","2.30%"
"08/03/2022","5.00","4.95","5.01","4.93","25.89M","0.81%"
"08/02/2022","4.96","4.91","5.01","4.90","16.04M","0.94%"
"08/01/2022","4.91","4.98","4.99","4.86","26.37M","-1.04%"
"07/29/2022","4.97","4.98","5.04","4.94","24.88M","-0.23%"
"07/28/2022","4.98","4.91","4.99","4.89","18.17M","1.05%"
"07/27/2022","4.93","4.91","4.94","4.89","13.79M","0.47%"
"07/26/2022","4.90","4.90","4.95","4.86","11.88M","-0.23%"
"07/25/2022","4.91","4.89","4.94","4.89","12.59M","0.83%"
"07/22/2022","4.87","4.94","4.95","4.83","15.05M","-1.05%"
"07/21/2022","4.93","4.87","4.94","4.82","17.58M","1.18%"
"07/20/2022","4.87","4.94","4.94","4.86","20.45M","-1.51%"
"07/19/2022","4.94","4.88","4.97","4.85","24.03M","1.90%"
"07/18/2022","4.85","4.77","4.91","4.76","30.66M","0.96%"
"07/15/2022","4.80","4.67","4.83","4.63","34.93M","3.09%"
"07/14/2022","4.66","4.64","4.70","4.58","31.34M","-0.25%"
"07/13/2022","4.67","4.70","4.75","4.66","24.35M","-0.98%"
"07/12/2022","4.72","4.73","4.76","4.68","15.84M","-0.24%"
"07/11/2022","4.73","4.79","4.80","4.69","19.84M","-2.03%"
"07/08/2022","4.83","4.83","4.87","4.79","15.76M","0.60%"
"07/07/2022","4.80","4.77","4.85","4.76","29.73M","1.09%"
"07/06/2022","4.75","4.76","4.80","4.70","21.16M","-0.12%"
"07/05/2022","4.75","4.72","4.77","4.68","19.33M","0.12%"
"07/04/2022","4.75","4.79","4.79","4.72","13.41M","-0.84%"
"07/01/2022","4.79","4.77","4.80","4.72","30.70M","-0.24%"
"06/30/2022","4.80","4.89","4.90","4.78","43.08M","-2.34%"
"06/29/2022","4.91","5.00","5.02","4.91","21.03M","-1.04%"
"06/28/2022","4.97","5.06","5.08","4.93","17.39M","-1.26%"
"06/27/2022","5.03","4.99","5.04","4.98","17.32M","1.27%"
"06/24/2022","4.97","5.02","5.05","4.97","13.66M","-0.46%"
"06/23/2022","4.99","5.10","5.12","4.99","22.01M","-2.14%"
"06/22/2022","5.10","5.06","5.12","5.03","25.03M","0.45%"
"06/21/2022","5.08","5.16","5.18","5.04","21.33M","-0.90%"
"06/20/2022","5.12","4.98","5.18","4.97","25.97M","3.13%"
"06/17/2022","4.97","5.01","5.11","4.93","44.17M","-1.82%"
"06/15/2022","5.06","5.06","5.13","5.03","35.62M","0.80%"
"06/14/2022","5.02","5.05","5.09","4.98","18.46M","-0.34%"
"06/13/2022","5.03","5.08","5.09","5.00","27.02M","-1.57%"
"06/10/2022","5.12","5.18","5.21","5.09","27.42M","-1.98%"
"06/09/2022","5.22","5.32","5.35","5.22","43.54M","-1.41%"
"06/08/2022","5.29","5.35","5.38","5.27","13.63M","-1.39%"
"06/07/2022","5.37","5.39","5.43","5.35","15.90M","-1.06%"
"06/06/2022","5.43","5.43","5.45","5.37","12.89M","0.43%"
"06/03/2022","5.40","5.45","5.48","5.39","15.38M","-1.47%"
"06/02/2022","5.48","5.48","5.53","5.42","23.17M","0.42%"
"06/01/2022","5.46","5.51","5.52","5.44","20.84M","-0.80%"
"05/31/2022","5.50","5.45","5.53","5.43","49.86M","1.59%"
"05/30/2022","5.42","5.43","5.47","5.40","17.98M","-0.21%"
"05/27/2022","5.43","5.45","5.48","5.40","21.68M","0.00%"
"05/26/2022","5.43","5.41","5.46","5.39","46.30M","0.42%"
"05/25/2022","5.41","5.48","5.52","5.40","23.79M","-1.67%"
"05/24/2022","5.50","5.44","5.50","5.38","28.35M","0.95%"
"05/23/2022","5.45","5.41","5.48","5.39","24.99M","1.28%"
"05/20/2022","5.38","5.36","5.40","5.33","27.54M","1.30%"
"05/19/2022","5.31","5.27","5.33","5.25","17.98M","0.76%"
"05/18/2022","5.27","5.37","5.40","5.26","29.57M","-1.50%"
"05/17/2022","5.35","5.40","5.45","5.35","34.93M","0.87%"
"05/16/2022","5.30","5.29","5.33","5.23","27.82M","1.09%"
"05/13/2022","5.25","5.23","5.28","5.22","23.18M","0.88%"
"05/12/2022","5.20","5.09","5.22","5.09","47.45M","1.68%"
"05/11/2022","5.11","5.02","5.13","5.01","51.51M","2.18%"
"05/10/2022","5.01","5.07","5.11","4.99","28.92M","-0.68%"
"05/09/2022","5.04","5.10","5.13","5.01","37.51M","-1.35%"
"05/06/2022","5.11","5.10","5.19","5.09","43.95M","0.34%"
"05/05/2022","5.09","5.19","5.19","5.06","42.55M","-2.53%"
"05/04/2022","5.22","5.21","5.24","5.10","78.76M","-0.33%"
"05/03/2022","5.24","5.25","5.29","5.21","25.37M","-0.22%"
"05/02/2022","5.25","5.29","5.32","5.17","50.15M","-0.65%"
"04/29/2022","5.29","5.40","5.48","5.28","41.13M","-1.50%"
"04/28/2022","5.37","5.40","5.41","5.31","37.73M","-0.53%"
"04/27/2022","5.40","5.46","5.51","5.34","33.34M","-0.63%"
"04/26/2022","5.43","5.64","5.65","5.38","52.63M","-4.25%"
"04/25/2022","5.67","5.65","5.69","5.59","27.80M","-0.30%"
"04/22/2022","5.69","5.72","5.75","5.64","26.37M","-1.49%"
"04/20/2022","5.77","5.76","5.79","5.72","22.32M","0.10%"
"04/19/2022","5.77","5.80","5.84","5.70","24.04M","-1.08%"
"04/18/2022","5.83","5.79","5.84","5.76","16.36M","0.59%"
"04/14/2022","5.80","5.77","5.81","5.75","19.17M","0.10%"
"04/13/2022","5.79","5.81","5.85","5.75","26.36M","0.10%"
"04/12/2022","5.79","5.90","5.91","5.77","24.72M","-0.98%"
"04/11/2022","5.84","5.91","5.91","5.83","14.46M","-0.88%"
"04/08/2022","5.90","5.90","5.92","5.84","12.95M","0.00%"
"04/07/2022","5.90","5.94","5.94","5.85","32.16M","-0.87%"
"04/06/2022","5.95","5.95","5.99","5.88","41.52M","-0.77%"
"04/05/2022","5.99","6.11","6.12","5.94","33.84M","-2.61%"
"04/04/2022","6.15","6.21","6.21","6.09","22.89M","-0.65%"
"04/01/2022","6.19","6.21","6.25","6.15","28.53M","0.37%"
"03/31/2022","6.17","6.23","6.27","6.16","16.38M","-0.83%"
"03/30/2022","6.22","6.24","6.24","6.15","16.77M","-0.09%"
"03/29/2022","6.23","6.25","6.30","6.19","17.51M","0.74%"
"03/28/2022","6.18","6.20","6.23","6.12","16.82M","-0.28%"
"03/25/2022","6.20","6.26","6.27","6.12","34.69M","0.00%"
"03/24/2022","6.20","6.16","6.25","6.14","25.89M","1.11%"
"03/23/2022","6.13","6.16","6.17","6.10","19.89M","-0.37%"
"03/22/2022","6.16","6.09","6.19","6.09","31.03M","1.50%"
"03/21/2022","6.07","5.91","6.11","5.88","41.94M","2.59%"
"03/18/2022","5.91","5.82","5.91","5.81","54.64M","1.46%"
"03/17/2022","5.83","5.67","5.87","5.66","44.30M","2.70%"
"03/16/2022","5.67","5.60","5.68","5.57","31.16M","1.83%"
"03/15/2022","5.57","5.62","5.65","5.50","28.48M","-0.91%"
"03/14/2022","5.62","5.60","5.69","5.59","18.59M","0.81%"
"03/11/2022","5.58","5.65","5.70","5.54","23.25M","-1.01%"
"03/10/2022","5.64","5.62","5.65","5.57","23.47M","-1.20%"
"03/09/2022","5.70","5.44","5.70","5.42","61.91M","5.35%"
"03/08/2022","5.41","5.45","5.48","5.35","37.66M","-0.21%"
"03/07/2022","5.42","5.54","5.55","5.40","35.68M","-3.24%"
"03/04/2022","5.61","5.68","5.68","5.54","28.13M","-1.10%"
"03/03/2022","5.67","5.67","5.78","5.60","35.39M","0.30%"
"03/02/2022","5.65","5.69","5.82","5.62","26.70M","-0.70%"
"02/25/2022","5.69","5.61","5.70","5.59","35.31M","1.01%"
"02/24/2022","5.64","5.61","5.66","5.52","32.50M","-1.59%"
"02/23/2022","5.73","5.82","5.86","5.70","26.92M","-1.47%"
"02/22/2022","5.81","5.81","5.90","5.75","30.92M","0.20%"
"02/21/2022","5.80","5.98","5.98","5.77","30.11M","-2.95%"
"02/18/2022","5.98","5.97","6.01","5.95","27.65M","0.48%"
"02/17/2022","5.95","6.00","6.02","5.94","20.60M","-1.04%"
"02/16/2022","6.01","6.02","6.07","5.98","32.06M","-0.28%"
"02/15/2022","6.03","6.00","6.05","5.96","29.40M","1.24%"
"02/14/2022","5.95","5.99","6.00","5.94","30.25M","-0.38%"
"02/11/2022","5.98","5.97","6.05","5.88","92.93M","4.26%"
"02/10/2022","5.73","5.67","5.75","5.64","36.75M","1.10%"
"02/09/2022","5.67","5.75","5.77","5.65","47.50M","-1.67%"
"02/08/2022","5.77","5.75","5.78","5.70","18.22M","0.20%"
"02/07/2022","5.75","5.82","5.87","5.75","24.53M","-1.36%"
"02/04/2022","5.83","5.69","5.86","5.67","39.14M","1.99%"
"02/03/2022","5.72","5.72","5.75","5.66","21.09M","0.30%"
"02/02/2022","5.70","5.81","5.81","5.67","33.22M","-1.67%"
"02/01/2022","5.80","5.78","5.83","5.77","18.71M","0.20%"
"01/31/2022","5.79","5.71","5.83","5.68","34.63M","1.19%"
"01/28/2022","5.72","5.65","5.73","5.61","23.53M","1.00%"
"01/27/2022","5.66","5.61","5.74","5.61","26.87M","1.32%"
"01/26/2022","5.59","5.56","5.62","5.52","36.78M","1.03%"
"01/25/2022","5.53","5.40","5.56","5.36","32.25M","2.53%"
"01/24/2022","5.40","5.42","5.46","5.34","31.68M","-0.52%"
"01/21/2022","5.42","5.45","5.52","5.40","33.38M","-0.62%"
"01/20/2022","5.46","5.48","5.50","5.44","26.76M","-0.10%"
"01/19/2022","5.46","5.45","5.52","5.41","34.85M","0.10%"
"01/18/2022","5.46","5.40","5.52","5.39","52.02M","0.73%"
"01/17/2022","5.42","5.39","5.45","5.35","18.21M","0.00%"
"01/14/2022","5.42","5.38","5.45","5.37","47.80M","1.15%"
"01/13/2022","5.36","5.19","5.37","5.19","51.26M","2.80%"
"01/12/2022","5.21","5.23","5.29","5.15","38.75M","-0.32%"
"01/11/2022","5.23","5.14","5.24","5.10","46.96M","1.63%"
"01/10/2022","5.14","5.13","5.17","5.09","27.05M","0.00%"
"01/07/2022","5.14","5.08","5.15","5.05","26.76M","1.21%"
"01/06/2022","5.08","5.03","5.12","5.01","31.67M","0.89%"
"01/05/2022","5.04","5.07","5.10","5.00","43.31M","-1.10%"
"01/04/2022","5.09","5.06","5.14","5.03","48.45M","0.78%"
"01/03/2022","5.05","5.05","5.15","5.00","35.61M","1.01%"
"12/30/2021","5.00","5.06","5.08","4.99","29.10M","-1.11%"
"12/29/2021","5.06","5.09","5.10","5.03","16.09M","-0.55%"
"12/28/2021","5.09","5.09","5.13","5.06","15.70M","-0.11%"
"12/27/2021","5.09","5.04","5.09","5.02","19.15M","1.11%"
"12/23/2021","5.04","5.03","5.05","4.99","15.05M","0.22%"
"12/22/2021","5.03","5.00","5.03","4.96","18.89M","0.34%"
"12/21/2021","5.01","5.08","5.10","4.98","30.66M","-0.67%"
"12/20/2021","5.04","5.08","5.09","4.98","33.69M","-0.94%"
"12/17/2021","5.09","5.16","5.16","5.08","42.67M","-1.75%"
"12/16/2021","5.18","5.20","5.21","5.14","33.41M","0.10%"
"12/15/2021","5.18","5.18","5.20","5.08","38.49M","0.94%"
"12/14/2021","5.13","5.15","5.24","5.13","40.46M","0.77%"
"12/13/2021","5.09","5.18","5.22","5.09","47.67M","-1.44%"
"12/10/2021","5.16","5.18","5.21","5.11","17.89M","0.21%"
"12/09/2021","5.15","5.28","5.29","5.11","25.71M","-2.32%"
"12/08/2021","5.27","5.28","5.30","5.22","44.60M","0.30%"
"12/07/2021","5.26","5.36","5.37","5.24","29.03M","-0.90%"
"12/06/2021","5.31","5.26","5.37","5.24","30.57M","1.22%"
"12/03/2021","5.24","5.26","5.36","5.19","34.26M","-0.51%"
"12/02/2021","5.27","5.19","5.30","5.17","33.19M","2.91%"
"12/01/2021","5.12","5.19","5.26","5.12","40.90M","-0.27%"
"11/30/2021","5.13","5.21","5.23","5.08","75.74M","-1.53%"
"11/29/2021","5.21","5.26","5.28","5.19","25.29M","-0.10%"
"11/26/2021","5.22","5.25","5.25","5.15","33.81M","-1.99%"
"11/25/2021","5.33","5.27","5.38","5.27","20.82M","0.91%"
"11/24/2021","5.28","5.18","5.31","5.17","31.10M","1.58%"
"11/23/2021","5.20","5.16","5.22","5.11","27.56M","0.91%"
"11/22/2021","5.15","5.22","5.24","5.13","36.20M","-1.01%"
"11/19/2021","5.20","5.21","5.23","5.15","38.06M","-0.10%"
"11/18/2021","5.21","5.26","5.27","5.14","41.64M","-0.70%"
"11/17/2021","5.24","5.28","5.31","5.20","37.30M","-0.10%"
"11/16/2021","5.25","5.35","5.38","5.23","31.17M","-1.86%"
"11/12/2021","5.35","5.35","5.43","5.30","25.43M","-0.10%"
"11/11/2021","5.35","5.41","5.44","5.33","27.87M","-0.29%"
"11/10/2021","5.37","5.26","5.43","5.24","44.97M","2.29%"
"11/09/2021","5.25","5.33","5.36","5.23","32.69M","-1.08%"
"11/08/2021","5.31","5.31","5.37","5.26","30.65M","-0.20%"
"11/05/2021","5.32","5.41","5.43","5.24","67.24M","-0.78%"
"11/04/2021","5.36","5.57","5.59","5.33","47.93M","-3.30%"
"11/03/2021","5.54","5.46","5.61","5.45","47.21M","0.86%"
"11/01/2021","5.49","5.39","5.54","5.39","39.40M","2.54%"
"10/29/2021","5.36","5.48","5.54","5.36","41.27M","-2.10%"
"10/28/2021","5.47","5.48","5.54","5.41","30.92M","-0.48%"
"10/27/2021","5.50","5.50","5.61","5.49","25.84M","0.48%"
"10/26/2021","5.47","5.57","5.57","5.45","32.20M","-1.87%"
"10/25/2021","5.58","5.50","5.62","5.50","28.67M","1.33%"
"10/22/2021","5.50","5.64","5.64","5.32","85.93M","-2.86%"
"10/21/2021","5.67","5.71","5.82","5.59","63.10M","-2.61%"
"10/20/2021","5.82","5.76","5.85","5.70","36.50M","2.02%"
"10/19/2021","5.70","5.89","5.89","5.67","58.20M","-3.71%"
"10/18/2021","5.92","5.82","5.94","5.77","30.71M","0.71%"
"10/15/2021","5.88","5.77","5.88","5.75","41.86M","1.90%"
"10/14/2021","5.77","5.81","5.85","5.73","45.91M","-1.16%"
"10/13/2021","5.84","5.85","5.86","5.74","36.62M","0.18%"
"10/11/2021","5.83","5.93","5.95","5.81","38.93M","-1.50%"
"10/08/2021","5.92","5.85","6.00","5.85","50.11M","1.52%"
"10/07/2021","5.83","5.94","5.96","5.82","40.74M","-1.93%"
"10/06/2021","5.94","5.86","5.94","5.80","47.99M","0.35%"
"10/05/2021","5.92","5.85","5.98","5.81","50.87M","1.52%"
"10/04/2021","5.83","5.94","5.97","5.78","44.87M","-2.28%"
"10/01/2021","5.97","5.87","5.99","5.83","47.30M","2.51%"
"09/30/2021","5.82","5.92","5.93","5.80","69.71M","-0.89%"
"09/29/2021","5.87","5.81","5.91","5.76","62.38M","1.90%"
"09/28/2021","5.77","5.83","5.97","5.75","85.13M","-1.96%"
"09/27/2021","5.88","5.75","5.91","5.69","59.27M","2.55%"
"09/24/2021","5.73","5.76","5.81","5.73","42.88M","-1.44%"
"09/23/2021","5.82","5.73","5.89","5.71","65.80M","2.58%"
"09/22/2021","5.67","5.62","5.74","5.59","56.09M","1.97%"
"09/21/2021","5.56","5.61","5.64","5.56","47.26M","-0.47%"
"09/20/2021","5.59","5.58","5.63","5.52","71.52M","-1.75%"
"09/17/2021","5.69","5.80","5.80","5.68","62.63M","-2.16%"
"09/16/2021","5.81","5.73","5.81","5.70","91.24M","0.54%"
"09/15/2021","5.78","5.81","5.81","5.74","27.86M","0.00%"
"09/14/2021","5.78","5.83","5.87","5.77","44.74M","-0.63%"
"09/13/2021","5.82","5.82","5.87","5.76","26.85M","1.37%"
"09/10/2021","5.74","5.87","5.89","5.72","27.84M","-1.44%"
"09/09/2021","5.82","5.73","5.85","5.64","73.34M","2.01%"
"09/08/2021","5.71","5.96","5.96","5.68","74.25M","-4.71%"
"09/06/2021","5.99","5.86","6.02","5.85","51.91M","1.87%"
"09/03/2021","5.88","5.92","5.95","5.81","86.48M","-0.18%"
"09/02/2021","5.89","6.06","6.06","5.89","40.90M","-3.34%"
"09/01/2021","6.09","6.04","6.13","6.03","28.95M","1.04%"
"08/31/2021","6.03","5.90","6.05","5.90","62.02M","2.12%"
"08/30/2021","5.91","5.93","5.94","5.87","19.12M","-0.70%"
"08/27/2021","5.95","5.88","5.96","5.82","25.38M","1.79%"
"08/26/2021","5.84","5.95","5.98","5.84","27.55M","-2.52%"
"08/25/2021","6.00","5.94","6.00","5.90","17.32M","0.17%"
"08/24/2021","5.98","5.89","6.00","5.87","26.56M","2.14%"
"08/23/2021","5.86","5.85","5.90","5.79","32.71M","0.45%"
"08/20/2021","5.83","5.81","5.87","5.76","43.27M","0.18%"
"08/19/2021","5.82","5.79","5.93","5.78","35.38M","-0.80%"
"08/18/2021","5.87","5.86","6.00","5.80","80.53M","0.27%"
"08/17/2021","5.85","5.91","5.93","5.77","52.26M","-1.32%"
"08/16/2021","5.93","5.97","6.05","5.90","27.25M","-0.89%"
"08/13/2021","5.99","5.95","5.99","5.86","38.19M","0.61%"
"08/12/2021","5.95","6.02","6.05","5.93","39.82M","-1.72%"
"08/11/2021","6.05","5.94","6.11","5.91","36.43M","1.48%"
"08/10/2021","5.97","6.06","6.06","5.91","31.61M","-0.78%"
"08/09/2021","6.01","5.99","6.07","5.98","27.21M","0.43%"
"08/06/2021","5.99","5.89","6.00","5.85","33.88M","1.86%"
"08/05/2021","5.88","5.90","5.96","5.81","35.42M","0.27%"
"08/04/2021","5.86","5.95","5.97","5.83","24.35M","-2.25%"
"08/03/2021","6.00","6.04","6.06","5.85","43.86M","1.23%"
"08/02/2021","5.92","5.91","6.03","5.90","51.53M","1.97%"
"07/30/2021","5.81","5.89","6.01","5.79","36.96M","-2.36%"
"07/29/2021","5.95","5.98","5.99","5.89","24.50M","-0.95%"
"07/28/2021","6.01","5.89","6.03","5.86","39.35M","2.67%"
"07/27/2021","5.85","5.80","5.87","5.77","19.17M","0.63%"
"07/26/2021","5.81","5.75","5.85","5.75","17.05M","0.90%"
"07/23/2021","5.76","5.76","5.79","5.72","16.30M","-0.09%"
"07/22/2021","5.77","5.81","5.82","5.74","11.94M","-1.16%"
"07/21/2021","5.84","5.79","5.84","5.77","15.26M","0.63%"
"07/20/2021","5.80","5.71","5.81","5.68","22.93M","1.18%"
"07/19/2021","5.73","5.72","5.76","5.67","22.32M","-0.81%"
"07/16/2021","5.78","5.87","5.88","5.76","25.99M","-1.42%"
"07/15/2021","5.86","5.90","5.94","5.81","25.64M","-0.79%"
"07/14/2021","5.91","5.97","6.05","5.90","42.19M","0.18%"
"07/13/2021","5.90","5.87","5.93","5.81","43.90M","-0.35%"
"07/12/2021","5.92","5.84","5.92","5.80","31.87M","1.88%"
"07/08/2021","5.81","5.76","5.86","5.73","90.62M","-0.53%"
"07/07/2021","5.84","5.79","5.85","5.75","27.57M","1.72%"
"07/06/2021","5.74","5.75","5.77","5.72","34.91M","-0.36%"
"07/05/2021","5.76","5.79","5.81","5.76","15.40M","-1.34%"
"07/02/2021","5.84","5.86","5.87","5.77","32.45M","0.54%"
"07/01/2021","5.81","5.80","5.81","5.75","33.96M","0.18%"
"06/30/2021","5.80","5.83","5.87","5.80","36.02M","-1.33%"
"06/29/2021","5.88","5.89","5.90","5.82","32.70M","-0.53%"
"06/28/2021","5.91","5.97","5.97","5.84","75.92M","-1.05%"
"06/25/2021","5.97","6.09","6.12","5.93","66.97M","-2.38%"
"06/24/2021","6.12","6.14","6.14","6.03","30.11M","0.34%"
"06/23/2021","6.10","6.15","6.25","6.06","47.04M","-0.93%"
"06/22/2021","6.15","6.07","6.17","6.01","88.90M","0.77%"
"06/21/2021","6.11","6.08","6.14","6.04","28.53M","0.26%"
"06/18/2021","6.09","6.12","6.15","6.02","42.35M","-0.93%"
"06/17/2021","6.15","6.25","6.36","6.10","38.84M","-0.92%"
"06/16/2021","6.20","6.14","6.27","6.08","71.37M","0.93%"
"06/15/2021","6.15","6.13","6.15","6.08","25.03M","0.25%"
"06/14/2021","6.13","6.15","6.17","6.08","22.69M","0.51%"
"06/11/2021","6.10","6.18","6.19","6.06","27.45M","-1.59%"
"06/10/2021","6.20","6.27","6.33","6.17","32.25M","-0.50%"
"06/09/2021","6.23","6.18","6.41","6.14","67.83M","0.34%"
"06/08/2021","6.21","6.23","6.25","6.13","47.35M","-0.91%"
"06/07/2021","6.27","6.17","6.31","6.13","50.55M","1.26%"
"06/04/2021","6.19","6.03","6.20","6.03","56.68M","2.23%"
"06/02/2021","6.05","5.88","6.06","5.85","82.08M","3.28%"
"06/01/2021","5.86","5.66","5.86","5.66","51.03M","3.97%"
"05/31/2021","5.64","5.66","5.68","5.63","19.77M","-0.37%"
"05/28/2021","5.66","5.56","5.69","5.56","27.75M","1.49%"
"05/27/2021","5.58","5.64","5.65","5.55","77.09M","-1.29%"
"05/26/2021","5.65","5.62","5.68","5.62","30.07M","0.93%"
"05/25/2021","5.60","5.63","5.65","5.57","38.23M","-0.57%"
"05/24/2021","5.63","5.63","5.65","5.58","34.58M","0.18%"
"05/21/2021","5.62","5.59","5.62","5.52","24.15M","0.56%"
"05/20/2021","5.59","5.57","5.64","5.54","37.02M","0.37%"
"05/19/2021","5.57","5.46","5.57","5.44","27.51M","1.13%"
"05/18/2021","5.50","5.47","5.55","5.47","24.60M","-0.28%"
"05/17/2021","5.52","5.50","5.52","5.42","36.64M","0.09%"
"05/14/2021","5.51","5.46","5.54","5.41","43.28M","2.01%"
"05/13/2021","5.41","5.32","5.46","5.32","49.64M","1.76%"
"05/12/2021","5.31","5.37","5.37","5.29","30.19M","-1.91%"
"05/11/2021","5.42","5.35","5.44","5.34","39.25M","0.00%"
"05/10/2021","5.42","5.34","5.42","5.31","39.97M","1.06%"
"05/07/2021","5.36","5.29","5.36","5.27","31.28M","1.37%"
"05/06/2021","5.29","5.26","5.31","5.23","32.64M","-0.10%"
"05/05/2021","5.29","5.17","5.30","5.12","45.35M","2.92%"
"05/04/2021","5.14","5.32","5.32","5.13","78.28M","-2.65%"
"05/03/2021","5.28","5.25","5.34","5.22","38.79M","1.29%"
"04/30/2021","5.21","5.26","5.30","5.19","56.13M","-0.98%"
"04/29/2021","5.27","5.38","5.41","5.25","40.10M","-2.31%"
"04/28/2021","5.39","5.27","5.39","5.26","70.94M","3.70%"
"04/27/2021","5.20","5.29","5.33","5.20","31.19M","-2.14%"
"04/26/2021","5.31","5.34","5.39","5.26","24.77M","-0.48%"
"04/23/2021","5.34","5.29","5.36","5.27","35.60M","0.98%"
"04/22/2021","5.29","5.29","5.31","5.23","36.35M","0.00%"
"04/20/2021","5.29","5.26","5.30","5.23","31.75M","0.20%"
"04/19/2021","5.27","5.30","5.33","5.24","30.97M","-0.97%"
"04/16/2021","5.33","5.26","5.36","5.26","24.20M","0.39%"
"04/15/2021","5.31","5.31","5.36","5.25","33.17M","0.00%"
"04/14/2021","5.31","5.29","5.37","5.23","44.17M","0.69%"
"04/13/2021","5.27","5.24","5.30","5.19","41.23M","-0.20%"
"04/12/2021","5.28","5.21","5.28","5.21","26.37M","1.69%"
"04/09/2021","5.19","5.20","5.25","5.18","32.88M","-0.50%"
"04/08/2021","5.22","5.25","5.25","5.19","31.92M","-0.30%"
"04/07/2021","5.23","5.23","5.28","5.20","29.58M","-0.10%"
"04/06/2021","5.24","5.28","5.32","5.23","24.19M","-0.98%"
"04/05/2021","5.29","5.26","5.30","5.22","24.19M","1.29%"
"04/01/2021","5.22","5.35","5.35","5.21","27.83M","-2.13%"
"03/31/2021","5.34","5.37","5.39","5.26","39.73M","-1.43%"
"03/30/2021","5.41","5.31","5.41","5.31","29.09M","1.45%"
"03/29/2021","5.34","5.32","5.37","5.26","23.70M","-0.39%"
"03/26/2021","5.36","5.26","5.37","5.26","27.76M","1.16%"
"03/25/2021","5.30","5.17","5.30","5.15","32.41M","2.09%"
"03/24/2021","5.19","5.32","5.32","5.18","30.92M","-2.05%"
"03/23/2021","5.30","5.37","5.44","5.30","27.90M","-2.47%"
"03/22/2021","5.43","5.35","5.45","5.28","39.39M","0.77%"
"03/19/2021","5.39","5.44","5.46","5.33","60.42M","-0.29%"
"03/18/2021","5.40","5.33","5.47","5.33","43.74M","0.96%"
"03/17/2021","5.35","5.18","5.36","5.16","34.49M","2.88%"
"03/16/2021","5.20","5.26","5.30","5.16","25.39M","-1.47%"
"03/15/2021","5.28","5.23","5.31","5.21","24.51M","0.29%"
"03/12/2021","5.26","5.24","5.31","5.22","24.27M","-0.78%"
"03/11/2021","5.31","5.35","5.39","5.22","37.53M","-0.29%"
"03/10/2021","5.32","5.20","5.32","5.13","54.92M","2.75%"
"03/09/2021","5.18","5.17","5.27","5.08","37.97M","0.90%"
"03/08/2021","5.13","5.24","5.36","5.12","50.12M","-3.95%"
"03/05/2021","5.34","5.31","5.41","5.26","43.62M","1.57%"
"03/04/2021","5.26","5.15","5.38","5.14","76.06M","2.20%"
"03/03/2021","5.15","5.08","5.20","4.94","72.67M","0.91%"
"03/02/2021","5.10","4.90","5.14","4.80","61.71M","2.91%"
"03/01/2021","4.96","5.21","5.23","4.96","54.35M","-3.12%"
"02/26/2021","5.12","5.21","5.28","5.10","55.66M","-1.29%"
"02/25/2021","5.18","5.36","5.41","5.17","64.48M","-3.26%"
"02/24/2021","5.36","5.45","5.46","5.33","50.15M","-0.95%"
"02/23/2021","5.41","5.10","5.43","5.10","83.48M","7.57%"
"02/22/2021","5.03","5.15","5.15","5.00","87.88M","-4.59%"
"02/19/2021","5.27","5.32","5.36","5.26","38.36M","-0.97%"
"02/18/2021","5.32","5.41","5.46","5.32","57.91M","-1.80%"
"02/17/2021","5.42","5.45","5.46","5.37","43.11M","-0.57%"
"02/12/2021","5.45","5.46","5.49","5.39","28.49M","-0.38%"
"02/11/2021","5.47","5.50","5.54","5.45","19.39M","0.19%"
"02/10/2021","5.46","5.50","5.54","5.43","42.33M","-0.65%"
"02/09/2021","5.50","5.44","5.58","5.40","35.26M","0.85%"
"02/08/2021","5.45","5.52","5.53","5.44","34.08M","-1.49%"
"02/05/2021","5.53","5.58","5.60","5.50","24.54M","-0.55%"
"02/04/2021","5.57","5.58","5.61","5.53","43.20M","0.00%"
"02/03/2021","5.57","5.57","5.67","5.54","35.91M","0.09%"
"02/02/2021","5.56","5.58","5.62","5.43","100.71M","0.19%"
"02/01/2021","5.55","5.55","5.63","5.53","44.80M","1.70%"
"01/29/2021","5.46","5.58","5.64","5.46","40.51M","-3.28%"
"01/28/2021","5.64","5.43","5.65","5.43","34.63M","3.69%"
"01/27/2021","5.44","5.45","5.52","5.37","41.59M","-0.38%"
"01/26/2021","5.46","5.59","5.69","5.42","53.38M","-2.20%"
"01/22/2021","5.59","5.56","5.63","5.54","36.49M","-1.45%"
"01/21/2021","5.67","5.80","5.82","5.65","53.90M","-2.04%"
"01/20/2021","5.79","5.88","5.90","5.73","30.46M","-1.57%"
"01/19/2021","5.88","6.01","6.03","5.82","30.07M","-1.55%"
"01/18/2021","5.97","6.03","6.06","5.93","22.66M","0.17%"
"01/15/2021","5.96","6.09","6.13","5.95","41.03M","-3.89%"
"01/14/2021","6.20","6.10","6.21","6.07","27.74M","2.20%"
"01/13/2021","6.07","6.15","6.20","5.99","34.32M","-1.01%"
"01/12/2021","6.13","6.11","6.16","6.07","26.31M","0.76%"
"01/11/2021","6.08","6.18","6.20","6.03","31.94M","-2.31%"
"01/08/2021","6.23","6.29","6.34","6.17","34.10M","-0.25%"
"01/07/2021","6.24","6.01","6.27","5.97","52.56M","3.84%"
"01/06/2021","6.01","5.88","6.08","5.86","40.61M","2.18%"
"01/05/2021","5.88","5.89","5.90","5.78","35.95M","-0.78%"
"01/04/2021","5.93","6.08","6.08","5.87","51.27M","-1.53%"